"PassengerId","Name","Sex","Age","SibSp","Parch","Salary","Job"
1,"Braund, Mr. Owen Harris","male",22.0,1,0,399.69,"wigmaker"
2,"Cumings, Mrs. John Bradley (Florence Briggs Thayer)","female",38.0,1,0,3914.6,"doctor"
3,"Heikkinen, Miss. Laina","female",26.0,0,0,370.3,"blacksmith"
4,"Futrelle, Mrs. Jacques Heath (Lily May Peel)","female",35.0,1,0,3802.8,"surgeon"
5,"Allen, Mr. William Henry","male",35.0,0,0,330.62,"barber"
8,"Palsson, Master. Gosta Leonard","male",2.0,3,1,369.47,"wheelwright"
9,"Johnson, Mrs. Oscar W (Elisabeth Vilhelmina Berg)","female",27.0,0,2,104.32,"wheelwright"
10,"Nasser, Mrs. Nicholas (Adele Achem)","female",14.0,1,0,1710.39,"shopkeeper"
11,"Sandstrom, Miss. Marguerite Rut","female",4.0,1,1,196.15,"shoemaker"
12,"Bonnell, Miss. Elizabeth","female",58.0,0,0,4619.35,"hatter"
13,"Saundercock, Mr. William Henry","male",20.0,0,0,54.04,"blacksmith"
14,"Andersson, Mr. Anders Johan","male",39.0,1,5,299.59,"blacksmith"
15,"Vestrom, Miss. Hulda Amanda Adolfina","female",14.0,0,0,173.64,"blacksmith"
16,"Hewlett, Mrs. (Mary D Kingcome) ","female",55.0,0,0,1755.98,"breechesmaker"
17,"Rice, Master. Eugene","male",2.0,4,1,26.79,"barber"
18,"Williams, Mr. Charles Eugene","male",,0,0,1814.47,"cutler"
19,"Vander Planke, Mrs. Julius (Emelia Maria Vandemoortele)","female",31.0,1,0,171.23,"barber"
20,"Masselmani, Mrs. Fatima","female",,0,0,387.53,"barber"
21,"Fynney, Mr. Joseph J","male",35.0,0,0,576.0,"cabinetmaker"
23,"McGowan, Miss. Anna Annie","female",15.0,0,0,257.28,"shoemaker"
25,"Palsson, Miss. Torborg Danira","female",8.0,3,1,336.37,"barber"
26,"Asplund, Mrs. Carl Oscar (Selma Augusta Emilia Johansson)","female",38.0,1,5,80.33,"wigmaker"
28,"Fortune, Mr. Charles Alexander","male",19.0,3,2,2239.34,"farrier"
29,"O'Dwyer, Miss. Ellen Nellie","female",,0,0,26.02,"wheelwright"
30,"Todoroff, Mr. Lalio","male",,0,0,379.2,"wheelwright"
31,"Uruchurtu, Don. Manuel E","male",40.0,0,0,3453.07,"dentist"
32,"Spencer, Mrs. William Augustus (Marie Eugenie)","female",,1,0,2083.59,"hatter"
33,"Glynn, Miss. Mary Agatha","female",,0,0,214.57,"blacksmith"
34,"Wheadon, Mr. Edward H","male",66.0,0,0,786.02,"cutler"
35,"Meyer, Mr. Edgar Joseph","male",28.0,1,0,2045.17,"farrier"
36,"Holverson, Mr. Alexander Oskar","male",42.0,1,0,4074.34,"doctor"
37,"Mamee, Mr. Hanna","male",,0,0,377.82,"shoemaker"
38,"Cann, Mr. Ernest Charles","male",21.0,0,0,24.46,"shoemaker"
39,"Vander Planke, Miss. Augusta Maria","female",18.0,2,0,141.13,"blacksmith"
40,"Nicola-Yarred, Miss. Jamila","female",14.0,1,0,55.74,"blacksmith"
41,"Ahlin, Mrs. Johan (Johanna Persdotter Larsson)","female",40.0,1,0,17.64,"wigmaker"
42,"Turpin, Mrs. William John Robert (Dorothy Ann Wonnacott)","female",27.0,1,0,1727.13,"coachmaker"
43,"Kraeff, Mr. Theodor","male",,0,0,194.54,"shoemaker"
44,"Laroche, Miss. Simonne Marie Anne Andree","female",3.0,1,2,1716.31,"bookbinder"
45,"Devaney, Miss. Margaret Delia","female",19.0,0,0,399.93,"wheelwright"
46,"Rogers, Mr. William John","male",,0,0,342.47,"weaver"
47,"Lennon, Mr. Denis","male",,1,0,138.65,"shoemaker"
48,"O'Driscoll, Miss. Bridget","female",,0,0,102.54,"wigmaker"
49,"Samaan, Mr. Youssef","male",,2,0,183.26,"weaver"
50,"Arnold-Franchi, Mrs. Josef (Josefine Franchi)","female",18.0,1,0,251.22,"wheelwright"
51,"Panula, Master. Juha Niilo","male",7.0,4,1,230.09,"barber"
52,"Nosworthy, Mr. Richard Cater","male",21.0,0,0,31.5,"blacksmith"
53,"Harper, Mrs. Henry Sleeper (Myna Haxtun)","female",49.0,1,0,2203.72,"surgeon"
54,"Faunthorpe, Mrs. Lizzie (Elizabeth Anne Wilkinson)","female",29.0,1,0,1814.6,"coachmaker"
55,"Ostby, Mr. Engelhart Cornelius","male",65.0,0,1,3532.83,"surgeon"
56,"Woolner, Mr. Hugh","male",,0,0,4630.18,"music teacher"
57,"Rugg, Miss. Emily","female",21.0,0,0,953.82,"coachmaker"
58,"Novel, Mr. Mansouer","male",28.5,0,0,30.04,"wigmaker"
59,"West, Miss. Constance Mirium","female",5.0,1,2,1252.89,"cutler"
60,"Goodwin, Master. William Frederick","male",11.0,5,2,282.87,"wheelwright"
61,"Sirayanian, Mr. Orsen","male",22.0,0,0,114.73,"shoemaker"
62,"Icard, Miss. Amelie","female",38.0,0,0,2420.37,"music teacher"
63,"Harris, Mr. Henry Birkhardt","male",45.0,1,0,3859.74,"surgeon"
64,"Skoog, Master. Harald","male",4.0,3,2,270.08,"wigmaker"
65,"Stewart, Mr. Albert A","male",,0,0,4867.54,"hatter"
66,"Moubarek, Master. Gerios","male",,1,1,372.42,"barber"
67,"Nye, Mrs. (Elizabeth Ramell)","female",29.0,0,0,1494.93,"carpenter-joiner"
68,"Crease, Mr. Ernest James","male",19.0,0,0,368.92,"blacksmith"
69,"Andersson, Miss. Erna Alexandra","female",17.0,4,2,209.74,"wigmaker"
70,"Kink, Mr. Vincenz","male",26.0,2,0,79.06,"blacksmith"
72,"Goodwin, Miss. Lillian Amy","female",16.0,5,2,227.67,"wheelwright"
73,"Hood, Mr. Ambrose Jr","male",21.0,0,0,1863.25,"cabinetmaker"
74,"Chronopoulos, Mr. Apostolos","male",26.0,1,0,338.31,"wigmaker"
75,"Bing, Mr. Lee","male",32.0,0,0,206.08,"wigmaker"
76,"Moen, Mr. Sigurd Hansen","male",25.0,0,0,297.68,"blacksmith"
77,"Staneff, Mr. Ivan","male",,0,0,57.64,"blacksmith"
78,"Moutal, Mr. Rahamin Haim","male",,0,0,390.72,"barber"
79,"Caldwell, Master. Alden Gates","male",0.83,0,2,1307.67,"carpenter-joiner"
80,"Dowdell, Miss. Elizabeth","female",30.0,0,0,46.5,"blacksmith"
81,"Waelens, Mr. Achille","male",22.0,0,0,52.11,"barber"
82,"Sheerlinck, Mr. Jan Baptist","male",29.0,0,0,131.14,"weaver"
83,"McDermott, Miss. Brigdet Delia","female",,0,0,382.21,"barber"
84,"Carrau, Mr. Francisco M","male",28.0,0,0,2631.26,"dentist"
85,"Ilett, Miss. Bertha","female",17.0,0,0,1057.37,"cabinetmaker"
86,"Backstrom, Mrs. Karl Alfred (Maria Mathilda Gustafsson)","female",33.0,3,0,391.57,"weaver"
87,"Ford, Mr. William Neal","male",16.0,1,3,390.14,"blacksmith"
88,"Slocovski, Mr. Selman Francis","male",,0,0,86.53,"wigmaker"
89,"Fortune, Miss. Mabel Helen","female",23.0,3,2,2353.08,"farrier"
90,"Celotti, Mr. Francesco","male",24.0,0,0,88.5,"wheelwright"
91,"Christmann, Mr. Emil","male",29.0,0,0,332.56,"weaver"
92,"Andreasson, Mr. Paul Edvin","male",20.0,0,0,289.14,"wigmaker"
93,"Chaffee, Mr. Herbert Fuller","male",46.0,1,0,3095.11,"hatter"
94,"Dean, Mr. Bertram Frank","male",26.0,1,2,56.18,"wheelwright"
95,"Coxon, Mr. Daniel","male",59.0,0,0,11.52,"barber"
96,"Shorney, Mr. Charles Joseph","male",,0,0,26.22,"blacksmith"
97,"Goldschmidt, Mr. George B","male",71.0,0,0,2879.98,"farrier"
98,"Greenfield, Mr. William Bertram","male",23.0,0,1,3707.6,"hatter"
99,"Doling, Mrs. John T (Ada Julia Bone)","female",34.0,0,1,975.64,"carpenter-joiner"
100,"Kantor, Mr. Sinai","male",34.0,1,0,714.76,"bookbinder"
101,"Petranec, Miss. Matilda","female",28.0,0,0,123.57,"wigmaker"
102,"Petroff, Mr. Pastcho (Pentcho)","male",,0,0,84.82,"barber"
103,"White, Mr. Richard Frasar","male",21.0,0,1,4334.35,"dentist"
104,"Johansson, Mr. Gustaf Joel","male",33.0,0,0,237.49,"wheelwright"
105,"Gustafsson, Mr. Anders Vilhelm","male",37.0,2,0,234.64,"blacksmith"
106,"Mionoff, Mr. Stoytcho","male",28.0,0,0,152.2,"weaver"
107,"Salkjelsvik, Miss. Anna Kristine","female",21.0,0,0,265.55,"blacksmith"
108,"Moss, Mr. Albert Johan","male",,0,0,176.11,"blacksmith"
109,"Rekic, Mr. Tido","male",38.0,0,0,341.7,"wigmaker"
110,"Moran, Miss. Bertha","female",,1,0,114.01,"shoemaker"
111,"Porter, Mr. Walter Chamberlain","male",47.0,0,0,4203.55,"goldsmith"
112,"Zabour, Miss. Hileni","female",14.5,1,0,244.13,"shoemaker"
113,"Barton, Mr. David John","male",22.0,0,0,136.23,"weaver"
114,"Jussila, Miss. Katriina","female",20.0,1,0,114.16,"barber"
115,"Attalah, Miss. Malake","female",17.0,0,0,137.93,"barber"
116,"Pekoniemi, Mr. Edvard","male",21.0,0,0,59.01,"wheelwright"
117,"Connors, Mr. Patrick","male",70.5,0,0,322.9,"blacksmith"
118,"Turpin, Mr. William John Robert","male",29.0,1,0,1669.01,"cabinetmaker"
119,"Baxter, Mr. Quigg Edmond","male",24.0,0,1,2217.09,"pharmacist"
120,"Andersson, Miss. Ellis Anna Maria","female",2.0,4,2,308.14,"weaver"
121,"Hickman, Mr. Stanley George","male",21.0,2,0,888.5,"carpenter-joiner"
122,"Moore, Mr. Leonard Charles","male",,0,0,70.92,"wheelwright"
123,"Nasser, Mr. Nicholas","male",32.5,1,0,1143.54,"shopkeeper"
124,"Webber, Miss. Susan","female",32.5,0,0,604.99,"bookbinder"
125,"White, Mr. Percival Wayland","male",54.0,0,1,4492.23,"dentist"
126,"Nicola-Yarred, Master. Elias","male",12.0,1,0,395.4,"weaver"
127,"McMahon, Mr. Martin","male",,0,0,142.54,"wheelwright"
128,"Madsen, Mr. Fridtjof Arne","male",24.0,0,0,394.82,"wheelwright"
129,"Peter, Miss. Anna","female",,1,1,262.75,"wheelwright"
130,"Ekstrom, Mr. Johan","male",45.0,0,0,31.88,"blacksmith"
131,"Drazenoic, Mr. Jozef","male",33.0,0,0,21.81,"blacksmith"
132,"Coelho, Mr. Domingos Fernandeo","male",20.0,0,0,142.64,"weaver"
133,"Robins, Mrs. Alexander A (Grace Charity Laury)","female",47.0,1,0,56.77,"weaver"
135,"Sobey, Mr. Samuel James Hayden","male",25.0,0,0,1266.33,"bookbinder"
136,"Richard, Mr. Emile","male",23.0,0,0,956.81,"hatter"
137,"Newsom, Miss. Helen Monypeny","female",19.0,0,2,2006.92,"goldsmith"
138,"Futrelle, Mr. Jacques Heath","male",37.0,1,0,3392.21,"surgeon"
139,"Osen, Mr. Olaf Elon","male",16.0,0,0,224.16,"barber"
140,"Giglio, Mr. Victor","male",24.0,0,0,3120.39,"surgeon"
142,"Nysten, Miss. Anna Sofia","female",22.0,0,0,2.43,"blacksmith"
143,"Hakkarainen, Mrs. Pekka Pietari (Elin Matilda Dolck)","female",24.0,1,0,219.26,"weaver"
144,"Burke, Mr. Jeremiah","male",19.0,0,0,355.53,"weaver"
145,"Andrew, Mr. Edgardo Samuel","male",18.0,0,0,523.88,"shopkeeper"
146,"Nicholls, Mr. Joseph Charles","male",19.0,1,1,1842.16,"silversmith"
147,"Andersson, Mr. August Edvard (Wennerstrom)","male",27.0,0,0,169.35,"blacksmith"
148,"Ford, Miss. Robina Maggie Ruby","female",9.0,2,2,383.07,"blacksmith"
149,"Navratil, Mr. Michel (Louis M Hoffman)","male",36.5,0,2,1539.73,"shopkeeper"
150,"Byles, Rev. Thomas Roussel Davids","male",42.0,0,0,931.42,"coachmaker"
151,"Bateman, Rev. Robert James","male",51.0,0,0,455.87,"shopkeeper"
152,"Pears, Mrs. Thomas (Edith Wearne)","female",22.0,1,0,2850.71,"farrier"
153,"Meo, Mr. Alfonzo","male",55.5,0,0,370.95,"blacksmith"
154,"van Billiard, Mr. Austin Blyler","male",40.5,0,2,216.44,"shoemaker"
155,"Olsen, Mr. Ole Martin","male",,0,0,271.41,"wheelwright"
156,"Williams, Mr. Charles Duane","male",51.0,0,1,3785.84,"hatter"
157,"Gilnagh, Miss. Katherine Katie","female",16.0,0,0,165.69,"weaver"
158,"Corn, Mr. Harry","male",30.0,0,0,200.11,"wigmaker"
159,"Smiljanic, Mr. Mile","male",,0,0,147.76,"blacksmith"
160,"Sage, Master. Thomas Henry","male",,8,2,269.72,"blacksmith"
161,"Cribb, Mr. John Hatfield","male",44.0,0,1,340.57,"wheelwright"
162,"Watt, Mrs. James (Elizabeth Bessie Inglis Milne)","female",40.0,0,0,1508.76,"shopkeeper"
163,"Bengtsson, Mr. John Viktor","male",26.0,0,0,90.64,"blacksmith"
164,"Calic, Mr. Jovo","male",17.0,0,0,122.05,"blacksmith"
165,"Panula, Master. Eino Viljami","male",1.0,4,1,127.0,"shoemaker"
166,"Goldsmith, Master. Frank John William Frankie","male",9.0,0,2,231.23,"wheelwright"
167,"Chibnall, Mrs. (Edith Martha Bowerman)","female",,0,1,2067.56,"goldsmith"
168,"Skoog, Mrs. William (Anna Bernhardina Karlsson)","female",45.0,1,4,343.81,"wheelwright"
169,"Baumann, Mr. John D","male",,0,0,2971.64,"music teacher"
170,"Ling, Mr. Lee","male",28.0,0,0,15.38,"wheelwright"
171,"Van der hoef, Mr. Wyckoff","male",61.0,0,0,2509.03,"doctor"
172,"Rice, Master. Arthur","male",4.0,4,1,245.3,"blacksmith"
173,"Johnson, Miss. Eleanor Ileen","female",1.0,1,1,91.87,"wigmaker"
174,"Sivola, Mr. Antti Wilhelm","male",21.0,0,0,54.74,"weaver"
175,"Smith, Mr. James Clinch","male",56.0,0,0,2372.13,"hatter"
176,"Klasen, Mr. Klas Albin","male",18.0,1,1,287.14,"shoemaker"
177,"Lefebre, Master. Henry Forbes","male",,3,1,231.78,"blacksmith"
178,"Isham, Miss. Ann Elizabeth","female",50.0,0,0,2788.63,"pharmacist"
179,"Hale, Mr. Reginald","male",30.0,0,0,1346.42,"shopkeeper"
182,"Pernot, Mr. Rene","male",,0,0,679.02,"carpenter-joiner"
183,"Asplund, Master. Clarence Gustaf Hugo","male",9.0,4,2,20.83,"blacksmith"
184,"Becker, Master. Richard F","male",1.0,2,1,1398.64,"cabinetmaker"
185,"Kink-Heilmann, Miss. Luise Gretchen","female",4.0,0,2,184.12,"wheelwright"
186,"Rood, Mr. Hugh Roscoe","male",,0,0,3605.68,"hatter"
187,"O'Brien, Mrs. Thomas (Johanna Hannah Godfrey)","female",,1,0,15.15,"blacksmith"
188,"Romaine, Mr. Charles Hallace (Mr C Rolmane)","male",45.0,0,0,4004.27,"dentist"
189,"Bourke, Mr. John","male",40.0,1,1,335.85,"wheelwright"
190,"Turcin, Mr. Stjepan","male",36.0,0,0,386.57,"weaver"
191,"Pinsky, Mrs. (Rosa)","female",32.0,0,0,1693.72,"breechesmaker"
192,"Carbines, Mr. William","male",19.0,0,0,1418.23,"coachmaker"
193,"Andersen-Jensen, Miss. Carla Christine Nielsine","female",19.0,1,0,11.88,"wigmaker"
194,"Navratil, Master. Michel M","male",3.0,1,1,1822.12,"coachmaker"
195,"Brown, Mrs. James Joseph (Margaret Tobin)","female",44.0,0,0,4302.54,"hatter"
196,"Lurette, Miss. Elise","female",58.0,0,0,4136.26,"music teacher"
197,"Mernagh, Mr. Robert","male",,0,0,239.02,"wheelwright"
198,"Olsen, Mr. Karl Siegwart Andreas","male",42.0,0,1,311.4,"weaver"
199,"Madigan, Miss. Margaret Maggie","female",,0,0,235.58,"blacksmith"
200,"Yrois, Miss. Henriette (Mrs Harbeck)","female",24.0,0,0,1885.55,"hatter"
201,"Vande Walle, Mr. Nestor Cyriel","male",28.0,0,0,13.09,"weaver"
202,"Sage, Mr. Frederick","male",,8,2,14.56,"shoemaker"
203,"Johanson, Mr. Jakob Alfred","male",34.0,0,0,1.66,"wigmaker"
204,"Youseff, Mr. Gerious","male",45.5,0,0,278.69,"blacksmith"
205,"Cohen, Mr. Gurshon Gus","male",18.0,0,0,351.0,"shoemaker"
206,"Strom, Miss. Telma Matilda","female",2.0,0,1,266.65,"barber"
207,"Backstrom, Mr. Karl Alfred","male",32.0,1,0,26.25,"wheelwright"
208,"Albimona, Mr. Nassef Cassem","male",26.0,0,0,177.46,"wheelwright"
209,"Carr, Miss. Helen Ellen","female",16.0,0,0,380.22,"wigmaker"
210,"Blank, Mr. Henry","male",40.0,0,0,4843.77,"doctor"
211,"Ali, Mr. Ahmed","male",24.0,0,0,67.25,"barber"
212,"Cameron, Miss. Clear Annie","female",35.0,0,0,528.79,"cutler"
213,"Perkin, Mr. John Henry","male",22.0,0,0,177.65,"blacksmith"
214,"Givard, Mr. Hans Kristensen","male",30.0,0,0,1679.86,"shopkeeper"
215,"Kiernan, Mr. Philip","male",,1,0,135.34,"wheelwright"
216,"Newell, Miss. Madeleine","female",31.0,1,0,2508.4,"doctor"
217,"Honkanen, Miss. Eliina","female",27.0,0,0,233.14,"shoemaker"
218,"Jacobsohn, Mr. Sidney Samuel","male",42.0,1,0,1316.35,"breechesmaker"
219,"Bazzani, Miss. Albina","female",32.0,0,0,3090.12,"goldsmith"
221,"Sunderland, Mr. Victor Francis","male",16.0,0,0,281.3,"weaver"
222,"Bracken, Mr. James H","male",27.0,0,0,1282.17,"coachmaker"
223,"Green, Mr. George Henry","male",51.0,0,0,14.02,"wigmaker"
224,"Nenkoff, Mr. Christo","male",,0,0,59.88,"weaver"
225,"Hoyt, Mr. Frederick Maxfield","male",38.0,1,0,3248.23,"music teacher"
226,"Berglund, Mr. Karl Ivar Sven","male",22.0,0,0,48.1,"barber"
227,"Mellors, Mr. William John","male",19.0,0,0,1421.1,"coachmaker"
228,"Lovell, Mr. John Hall (Henry)","male",20.5,0,0,48.55,"blacksmith"
229,"Fahlstrom, Mr. Arne Jonas","male",18.0,0,0,694.37,"bookbinder"
230,"Lefebre, Miss. Mathilde","female",,3,1,343.86,"weaver"
231,"Harris, Mrs. Henry Birkhardt (Irene Wallach)","female",35.0,1,0,3473.48,"doctor"
232,"Larsson, Mr. Bengt Edvin","male",29.0,0,0,81.76,"shoemaker"
233,"Sjostedt, Mr. Ernst Adolf","male",59.0,0,0,414.49,"cutler"
234,"Asplund, Miss. Lillian Gertrud","female",5.0,4,2,275.62,"barber"
235,"Leyson, Mr. Robert William Norman","male",24.0,0,0,1658.61,"coachmaker"
236,"Harknett, Miss. Alice Phoebe","female",,0,0,293.56,"barber"
237,"Hold, Mr. Stephen","male",44.0,1,0,1087.02,"bookbinder"
238,"Collyer, Miss. Marjorie Lottie","female",8.0,0,2,1930.13,"shopkeeper"
239,"Pengelly, Mr. Frederick William","male",19.0,0,0,467.98,"cutler"
240,"Hunt, Mr. George Henry","male",33.0,0,0,984.7,"cutler"
241,"Zabour, Miss. Thamine","female",,1,0,75.37,"barber"
242,"Murphy, Miss. Katherine Kate","female",,1,0,233.98,"wigmaker"
243,"Coleridge, Mr. Reginald Charles","male",29.0,0,0,727.06,"breechesmaker"
245,"Attalah, Mr. Sleiman","male",30.0,0,0,145.46,"barber"
246,"Minahan, Dr. William Edward","male",44.0,2,0,2242.42,"surgeon"
247,"Lindahl, Miss. Agda Thorilda Viktoria","female",25.0,0,0,366.2,"weaver"
249,"Beckwith, Mr. Richard Leonard","male",37.0,1,1,4844.73,"farrier"
250,"Carter, Rev. Ernest Courtenay","male",54.0,1,0,457.25,"shopkeeper"
251,"Reed, Mr. James George","male",,0,0,353.81,"shoemaker"
252,"Strom, Mrs. Wilhelm (Elna Matilda Persson)","female",29.0,1,1,367.89,"blacksmith"
253,"Stead, Mr. William Thomas","male",62.0,0,0,2230.79,"apothecary"
254,"Lobb, Mr. William Arthur","male",30.0,1,0,230.43,"blacksmith"
255,"Rosblom, Mrs. Viktor (Helena Wilhelmina)","female",41.0,0,2,187.38,"shoemaker"
256,"Touma, Mrs. Darwis (Hanne Youssef Razi)","female",29.0,0,2,305.05,"blacksmith"
257,"Thorne, Mrs. Gertrude Maybelle","female",,0,0,3467.62,"pharmacist"
258,"Cherry, Miss. Gladys","female",30.0,0,0,3940.66,"goldsmith"
259,"Ward, Miss. Anna","female",35.0,0,0,3647.83,"farrier"
260,"Parrish, Mrs. (Lutie Davis)","female",50.0,0,1,1247.82,"shopkeeper"
261,"Smith, Mr. Thomas","male",,0,0,96.62,"shoemaker"
262,"Asplund, Master. Edvin Rojj Felix","male",3.0,4,2,225.53,"blacksmith"
263,"Taussig, Mr. Emil","male",52.0,1,1,4406.4,"music teacher"
264,"Harrison, Mr. William","male",40.0,0,0,3589.14,"doctor"
265,"Henry, Miss. Delia","female",,0,0,264.68,"weaver"
266,"Reeves, Mr. David","male",36.0,0,0,1598.68,"bookbinder"
267,"Panula, Mr. Ernesti Arvid","male",16.0,4,1,105.28,"blacksmith"
268,"Persson, Mr. Ernst Ulrik","male",25.0,1,0,371.78,"barber"
269,"Graham, Mrs. William Thompson (Edith Junkins)","female",58.0,0,1,4258.46,"farrier"
270,"Bissette, Miss. Amelia","female",35.0,0,0,4816.2,"goldsmith"
271,"Cairns, Mr. Alexander","male",,0,0,2146.97,"dentist"
272,"Tornquist, Mr. William Henry","male",25.0,0,0,251.68,"blacksmith"
273,"Mellinger, Mrs. (Elizabeth Anne Maidment)","female",41.0,0,1,962.74,"cabinetmaker"
274,"Natsch, Mr. Charles H","male",37.0,0,1,2586.68,"music teacher"
275,"Healy, Miss. Hanora Nora","female",,0,0,218.32,"barber"
276,"Andrews, Miss. Kornelia Theodosia","female",63.0,1,0,2400.4,"apothecary"
277,"Lindblom, Miss. Augusta Charlotta","female",45.0,0,0,192.91,"shoemaker"
278,"Parkes, Mr. Francis Frank","male",,0,0,676.35,"carpenter-joiner"
279,"Rice, Master. Eric","male",7.0,4,1,381.62,"wigmaker"
280,"Abbott, Mrs. Stanton (Rosa Hunt)","female",35.0,1,1,131.28,"weaver"
281,"Duane, Mr. Frank","male",65.0,0,0,276.26,"wigmaker"
282,"Olsson, Mr. Nils Johan Goransson","male",28.0,0,0,109.53,"wheelwright"
283,"de Pelsmaeker, Mr. Alfons","male",16.0,0,0,163.18,"shoemaker"
284,"Dorking, Mr. Edward Arthur","male",19.0,0,0,109.98,"shoemaker"
285,"Smith, Mr. Richard William","male",,0,0,2769.2,"music teacher"
286,"Stankovic, Mr. Ivan","male",33.0,0,0,259.93,"wheelwright"
287,"de Mulder, Mr. Theodore","male",30.0,0,0,366.93,"blacksmith"
288,"Naidenoff, Mr. Penko","male",22.0,0,0,298.34,"shoemaker"
289,"Hosono, Mr. Masabumi","male",42.0,0,0,1540.89,"shopkeeper"
290,"Connolly, Miss. Kate","female",22.0,0,0,156.31,"wigmaker"
291,"Barber, Miss. Ellen Nellie","female",26.0,0,0,2484.12,"dentist"
292,"Bishop, Mrs. Dickinson H (Helen Walton)","female",19.0,1,0,4790.02,"pharmacist"
293,"Levy, Mr. Rene Jacques","male",36.0,0,0,994.94,"silversmith"
294,"Haas, Miss. Aloisia","female",24.0,0,0,270.36,"shoemaker"
295,"Mineff, Mr. Ivan","male",24.0,0,0,192.74,"blacksmith"
296,"Lewy, Mr. Ervin G","male",,0,0,4243.61,"farrier"
297,"Hanna, Mr. Mansour","male",23.5,0,0,379.09,"wigmaker"
298,"Allison, Miss. Helen Loraine","female",2.0,1,2,3982.36,"music teacher"
299,"Saalfeld, Mr. Adolphe","male",,0,0,3886.88,"surgeon"
300,"Baxter, Mrs. James (Helene DeLaudeniere Chaput)","female",50.0,0,1,3971.86,"hatter"
301,"Kelly, Miss. Anna Katherine Annie Kate","female",,0,0,11.91,"blacksmith"
302,"McCoy, Mr. Bernard","male",,2,0,112.22,"shoemaker"
303,"Johnson, Mr. William Cahoone Jr","male",19.0,0,0,344.74,"barber"
304,"Keane, Miss. Nora A","female",,0,0,867.0,"carpenter-joiner"
305,"Williams, Mr. Howard Hugh Harry","male",,0,0,275.43,"shoemaker"
306,"Allison, Master. Hudson Trevor","male",0.92,1,2,3996.0,"hatter"
307,"Fleming, Miss. Margaret","female",,0,0,4767.64,"dentist"
308,"Penasco y Castellana, Mrs. Victor de Satode (Maria Josefa Perez de Soto y Vallejo)","female",17.0,1,0,3798.58,"apothecary"
309,"Abelson, Mr. Samuel","male",30.0,1,0,1380.41,"carpenter-joiner"
310,"Francatelli, Miss. Laura Mabel","female",30.0,0,0,2710.19,"surgeon"
311,"Hays, Miss. Margaret Bechstein","female",24.0,0,0,4128.14,"music teacher"
312,"Ryerson, Miss. Emily Borie","female",18.0,2,2,2234.72,"hatter"
313,"Lahtinen, Mrs. William (Anna Sylfven)","female",26.0,1,1,753.04,"bookbinder"
314,"Hendekovic, Mr. Ignjac","male",28.0,0,0,123.34,"shoemaker"
315,"Hart, Mr. Benjamin","male",43.0,1,1,1441.51,"silversmith"
316,"Nilsson, Miss. Helmina Josefina","female",26.0,0,0,224.78,"wheelwright"
317,"Kantor, Mrs. Sinai (Miriam Sternin)","female",24.0,1,0,1745.42,"cutler"
318,"Moraweck, Dr. Ernest","male",54.0,0,0,1963.78,"breechesmaker"
319,"Wick, Miss. Mary Natalie","female",31.0,0,2,3517.04,"farrier"
320,"Spedden, Mrs. Frederic Oakley (Margaretta Corning Stone)","female",40.0,1,1,2517.21,"surgeon"
321,"Dennis, Mr. Samuel","male",22.0,0,0,278.28,"wheelwright"
322,"Danoff, Mr. Yoto","male",27.0,0,0,54.47,"blacksmith"
323,"Slayter, Miss. Hilda Mary","female",30.0,0,0,1141.49,"bookbinder"
324,"Caldwell, Mrs. Albert Francis (Sylvia Mae Harbaugh)","female",22.0,1,1,1405.27,"bookbinder"
325,"Sage, Mr. George John Jr","male",,8,2,79.74,"blacksmith"
326,"Young, Miss. Marie Grice","female",36.0,0,0,2040.82,"dentist"
327,"Nysveen, Mr. Johan Hansen","male",61.0,0,0,257.89,"barber"
329,"Goldsmith, Mrs. Frank John (Emily Alice Brown)","female",31.0,1,1,120.82,"wigmaker"
330,"Hippach, Miss. Jean Gertrude","female",16.0,0,1,3639.96,"farrier"
331,"McCoy, Miss. Agnes","female",,2,0,242.0,"weaver"
333,"Graham, Mr. George Edward","male",38.0,0,1,2897.86,"goldsmith"
334,"Vander Planke, Mr. Leo Edmondus","male",16.0,2,0,399.51,"barber"
335,"Frauenthal, Mrs. Henry William (Clara Heinsheimer)","female",,1,0,4002.83,"dentist"
336,"Denkoff, Mr. Mitto","male",,0,0,169.86,"wigmaker"
337,"Pears, Mr. Thomas Clinton","male",29.0,1,0,4536.83,"pharmacist"
338,"Burns, Miss. Elizabeth Margaret","female",41.0,0,0,3962.07,"goldsmith"
339,"Dahl, Mr. Karl Edwart","male",45.0,0,0,207.72,"blacksmith"
340,"Blackwell, Mr. Stephen Weart","male",45.0,0,0,2510.68,"goldsmith"
341,"Navratil, Master. Edmond Roger","male",2.0,1,1,1570.72,"cabinetmaker"
342,"Fortune, Miss. Alice Elizabeth","female",24.0,3,2,4370.75,"doctor"
343,"Collander, Mr. Erik Gustaf","male",28.0,0,0,786.48,"bookbinder"
344,"Sedgwick, Mr. Charles Frederick Waddington","male",25.0,0,0,789.42,"carpenter-joiner"
345,"Fox, Mr. Stanley Hubert","male",36.0,0,0,1514.69,"carpenter-joiner"
346,"Brown, Miss. Amelia Mildred","female",24.0,0,0,925.46,"coachmaker"
347,"Smith, Miss. Marion Elsie","female",40.0,0,0,1208.01,"coachmaker"
348,"Davison, Mrs. Thomas Henry (Mary E Finck)","female",,1,0,86.51,"wheelwright"
349,"Coutts, Master. William Loch William","male",3.0,1,1,125.85,"wheelwright"
350,"Dimic, Mr. Jovan","male",42.0,0,0,312.65,"weaver"
351,"Odahl, Mr. Nils Martin","male",23.0,0,0,160.19,"blacksmith"
352,"Williams-Lambert, Mr. Fletcher Fellows","male",,0,0,4408.95,"surgeon"
353,"Elias, Mr. Tannous","male",15.0,1,1,318.76,"blacksmith"
354,"Arnold-Franchi, Mr. Josef","male",25.0,1,0,306.72,"barber"
355,"Yousif, Mr. Wazli","male",,0,0,124.97,"blacksmith"
356,"Vanden Steen, Mr. Leo Peter","male",28.0,0,0,23.8,"wheelwright"
357,"Bowerman, Miss. Elsie Edith","female",22.0,0,1,4191.53,"farrier"
358,"Funk, Miss. Annie Clemmer","female",38.0,0,0,809.97,"shopkeeper"
359,"McGovern, Miss. Mary","female",,0,0,328.75,"blacksmith"
360,"Mockler, Miss. Helen Mary Ellie","female",,0,0,298.28,"wigmaker"
361,"Skoog, Mr. Wilhelm","male",40.0,1,4,316.67,"blacksmith"
362,"del Carlo, Mr. Sebastiano","male",29.0,1,0,1916.74,"shopkeeper"
363,"Barbara, Mrs. (Catherine David)","female",45.0,0,1,189.1,"blacksmith"
364,"Asim, Mr. Adola","male",35.0,0,0,66.76,"weaver"
365,"O'Brien, Mr. Thomas","male",,1,0,11.45,"wheelwright"
366,"Adahl, Mr. Mauritz Nils Martin","male",30.0,0,0,58.93,"blacksmith"
367,"Warren, Mrs. Frank Manley (Anna Sophia Atkinson)","female",60.0,1,0,2597.5,"hatter"
368,"Moussa, Mrs. (Mantoura Boulos)","female",,0,0,359.64,"blacksmith"
369,"Jermyn, Miss. Annie","female",,0,0,149.76,"barber"
370,"Aubart, Mme. Leontine Pauline","female",24.0,0,0,3665.62,"doctor"
371,"Harder, Mr. George Achilles","male",25.0,1,0,4758.63,"dentist"
373,"Beavan, Mr. William Thomas","male",19.0,0,0,342.54,"blacksmith"
374,"Ringhini, Mr. Sante","male",22.0,0,0,2461.77,"hatter"
375,"Palsson, Miss. Stina Viola","female",3.0,3,1,223.6,"wheelwright"
376,"Meyer, Mrs. Edgar Joseph (Leila Saks)","female",,1,0,3928.86,"pharmacist"
377,"Landergren, Miss. Aurora Adelia","female",22.0,0,0,237.81,"blacksmith"
378,"Widener, Mr. Harry Elkins","male",27.0,0,2,2684.64,"pharmacist"
379,"Betros, Mr. Tannous","male",20.0,0,0,48.78,"barber"
380,"Gustafsson, Mr. Karl Gideon","male",19.0,0,0,150.35,"weaver"
381,"Bidois, Miss. Rosalie","female",42.0,0,0,4347.08,"apothecary"
382,"Nakid, Miss. Maria (Mary)","female",1.0,0,2,36.51,"blacksmith"
383,"Tikkanen, Mr. Juho","male",32.0,0,0,211.63,"weaver"
384,"Holverson, Mrs. Alexander Oskar (Mary Aline Towner)","female",35.0,1,0,2448.69,"doctor"
385,"Plotcharsky, Mr. Vasil","male",,0,0,293.35,"blacksmith"
386,"Davies, Mr. Charles Henry","male",18.0,0,0,508.3,"shopkeeper"
387,"Goodwin, Master. Sidney Leonard","male",1.0,5,2,368.8,"wigmaker"
388,"Buss, Miss. Kate","female",36.0,0,0,400.98,"breechesmaker"
390,"Lehmann, Miss. Bertha","female",17.0,0,0,1313.94,"cabinetmaker"
391,"Carter, Mr. William Ernest","male",36.0,1,2,2171.57,"dentist"
392,"Jansson, Mr. Carl Olof","male",21.0,0,0,174.07,"wheelwright"
393,"Gustafsson, Mr. Johan Birger","male",28.0,2,0,35.07,"blacksmith"
394,"Newell, Miss. Marjorie","female",23.0,1,0,4182.92,"dentist"
395,"Sandstrom, Mrs. Hjalmar (Agnes Charlotta Bengtsson)","female",24.0,0,2,19.21,"shoemaker"
396,"Johansson, Mr. Erik","male",22.0,0,0,103.49,"wheelwright"
397,"Olsson, Miss. Elina","female",31.0,0,0,218.5,"wigmaker"
398,"McKane, Mr. Peter David","male",46.0,0,0,1340.47,"silversmith"
399,"Pain, Dr. Alfred","male",23.0,0,0,895.08,"breechesmaker"
400,"Trout, Mrs. William H (Jessie L)","female",28.0,0,0,1115.4,"breechesmaker"
401,"Niskanen, Mr. Juha","male",39.0,0,0,352.04,"wheelwright"
402,"Adams, Mr. John","male",26.0,0,0,225.65,"wigmaker"
403,"Jussila, Miss. Mari Aina","female",21.0,1,0,165.01,"wigmaker"
404,"Hakkarainen, Mr. Pekka Pietari","male",28.0,1,0,115.79,"blacksmith"
405,"Oreskovic, Miss. Marija","female",20.0,0,0,91.91,"barber"
406,"Gale, Mr. Shadrach","male",34.0,1,0,1674.22,"silversmith"
407,"Widegren, Mr. Carl/Charles Peter","male",51.0,0,0,369.64,"wheelwright"
408,"Richards, Master. William Rowe","male",3.0,1,1,1211.48,"bookbinder"
409,"Birkeland, Mr. Hans Martin Monsen","male",21.0,0,0,44.31,"blacksmith"
410,"Lefebre, Miss. Ida","female",,3,1,295.46,"barber"
411,"Sdycoff, Mr. Todor","male",,0,0,192.34,"shoemaker"
412,"Hart, Mr. Henry","male",,0,0,258.66,"wheelwright"
413,"Minahan, Miss. Daisy E","female",33.0,1,0,3197.7,"doctor"
414,"Cunningham, Mr. Alfred Fleming","male",,0,0,1441.77,"cabinetmaker"
415,"Sundman, Mr. Johan Julian","male",44.0,0,0,302.86,"blacksmith"
416,"Meek, Mrs. Thomas (Annie Louise Rowley)","female",,0,0,241.0,"wheelwright"
417,"Drew, Mrs. James Vivian (Lulu Thorne Christian)","female",34.0,1,1,1722.3,"cutler"
418,"Silven, Miss. Lyyli Karoliina","female",18.0,0,2,1800.51,"hatter"
419,"Matthews, Mr. William John","male",30.0,0,0,1084.73,"cutler"
420,"Van Impe, Miss. Catharina","female",10.0,0,2,97.71,"wigmaker"
421,"Gheorgheff, Mr. Stanio","male",,0,0,314.44,"blacksmith"
422,"Charters, Mr. David","male",21.0,0,0,367.11,"wheelwright"
423,"Zimmerman, Mr. Leo","male",29.0,0,0,148.83,"weaver"
424,"Danbom, Mrs. Ernst Gilbert (Anna Sigrid Maria Brogren)","female",28.0,1,1,267.64,"wheelwright"
425,"Rosblom, Mr. Viktor Richard","male",18.0,1,1,209.46,"blacksmith"
426,"Wiseman, Mr. Phillippe","male",,0,0,64.48,"wigmaker"
427,"Clarke, Mrs. Charles V (Ada Maria Winfield)","female",28.0,1,0,1657.54,"breechesmaker"
428,"Phillips, Miss. Kate Florence (Mrs Kate Louise Phillips Marshall)","female",19.0,0,0,1220.92,"cutler"
429,"Flynn, Mr. James","male",,0,0,203.61,"barber"
430,"Pickard, Mr. Berk (Berk Trembisky)","male",32.0,0,0,213.95,"weaver"
431,"Bjornstrom-Steffansson, Mr. Mauritz Hakan","male",28.0,0,0,4002.21,"doctor"
432,"Thorneycroft, Mrs. Percival (Florence Kate White)","female",,1,0,169.99,"wigmaker"
433,"Louch, Mrs. Charles Alexander (Alice Adelaide Slow)","female",42.0,1,0,1182.58,"carpenter-joiner"
434,"Kallio, Mr. Nikolai Erland","male",17.0,0,0,72.51,"barber"
435,"Silvey, Mr. William Baird","male",50.0,1,0,4504.42,"doctor"
436,"Carter, Miss. Lucile Polk","female",14.0,1,2,4850.91,"apothecary"
437,"Ford, Miss. Doolina Margaret Daisy","female",21.0,2,2,145.9,"barber"
438,"Richards, Mrs. Sidney (Emily Hocking)","female",24.0,2,3,879.27,"carpenter-joiner"
439,"Fortune, Mr. Mark","male",64.0,1,4,2761.53,"doctor"
440,"Kvillner, Mr. Johan Henrik Johannesson","male",31.0,0,0,545.1,"carpenter-joiner"
441,"Hart, Mrs. Benjamin (Esther Ada Bloomfield)","female",45.0,1,1,829.45,"carpenter-joiner"
442,"Hampe, Mr. Leon","male",20.0,0,0,61.46,"wigmaker"
443,"Petterson, Mr. Johan Emil","male",25.0,1,0,339.86,"blacksmith"
444,"Reynaldo, Ms. Encarnacion","female",28.0,0,0,1667.18,"hatter"
445,"Johannesen-Bratthammer, Mr. Bernt","male",,0,0,166.43,"wheelwright"
446,"Dodge, Master. Washington","male",4.0,0,2,4592.14,"apothecary"
447,"Mellinger, Miss. Madeleine Violet","female",13.0,0,1,1496.96,"carpenter-joiner"
448,"Seward, Mr. Frederic Kimber","male",34.0,0,0,3395.7,"pharmacist"
449,"Baclini, Miss. Marie Catherine","female",5.0,2,1,212.11,"blacksmith"
451,"West, Mr. Edwy Arthur","male",36.0,1,2,1830.04,"cutler"
452,"Hagland, Mr. Ingvald Olai Olsen","male",,1,0,323.57,"blacksmith"
453,"Foreman, Mr. Benjamin Laventall","male",30.0,0,0,4854.28,"music teacher"
454,"Goldenberg, Mr. Samuel L","male",49.0,1,0,4297.36,"goldsmith"
455,"Peduzzi, Mr. Joseph","male",,0,0,93.82,"wigmaker"
457,"Millet, Mr. Francis Davis","male",65.0,0,0,3777.35,"dentist"
458,"Kenyon, Mrs. Frederick R (Marion)","female",,1,0,4643.96,"pharmacist"
459,"Toomey, Miss. Ellen","female",50.0,0,0,1080.34,"bookbinder"
460,"O'Connor, Mr. Maurice","male",,0,0,33.91,"blacksmith"
461,"Anderson, Mr. Harry","male",48.0,0,0,4017.8,"pharmacist"
462,"Morley, Mr. William","male",34.0,0,0,128.8,"barber"
463,"Gee, Mr. Arthur H","male",47.0,0,0,4241.9,"doctor"
464,"Milling, Mr. Jacob Christian","male",48.0,0,0,1131.21,"cabinetmaker"
465,"Maisner, Mr. Simon","male",,0,0,172.55,"blacksmith"
466,"Goncalves, Mr. Manuel Estanslas","male",38.0,0,0,139.53,"wheelwright"
467,"Campbell, Mr. William","male",,0,0,1436.33,"breechesmaker"
468,"Smart, Mr. John Montgomery","male",56.0,0,0,3258.31,"apothecary"
469,"Scanlan, Mr. James","male",,0,0,77.03,"shoemaker"
470,"Baclini, Miss. Helene Barbara","female",0.75,2,1,165.77,"shoemaker"
471,"Keefe, Mr. Arthur","male",,0,0,217.38,"weaver"
472,"Cacic, Mr. Luka","male",38.0,0,0,349.33,"shoemaker"
473,"West, Mrs. Edwy Arthur (Ada Mary Worth)","female",33.0,1,2,910.32,"cabinetmaker"
474,"Jerwan, Mrs. Amin S (Marie Marthe Thuillard)","female",23.0,0,0,675.27,"cabinetmaker"
475,"Strandberg, Miss. Ida Sofia","female",22.0,0,0,23.56,"blacksmith"
476,"Clifford, Mr. George Quincy","male",,0,0,4908.2,"pharmacist"
477,"Renouf, Mr. Peter Henry","male",34.0,1,0,1495.01,"shopkeeper"
478,"Braund, Mr. Lewis Richard","male",29.0,1,0,170.19,"shoemaker"
479,"Karlsson, Mr. Nils August","male",22.0,0,0,266.72,"wheelwright"
480,"Hirvonen, Miss. Hildur E","female",2.0,0,1,14.91,"wheelwright"
481,"Goodwin, Master. Harold Victor","male",9.0,5,2,306.46,"blacksmith"
482,"Frost, Mr. Anthony Wood Archie","male",,0,0,1914.09,"cabinetmaker"
483,"Rouse, Mr. Richard Henry","male",50.0,0,0,224.7,"weaver"
484,"Turkula, Mrs. (Hedwig)","female",63.0,0,0,200.85,"blacksmith"
485,"Bishop, Mr. Dickinson H","male",25.0,1,0,4731.85,"pharmacist"
486,"Lefebre, Miss. Jeannie","female",,3,1,112.15,"barber"
488,"Kent, Mr. Edward Austin","male",58.0,0,0,4160.84,"pharmacist"
489,"Somerton, Mr. Francis William","male",30.0,0,0,189.33,"barber"
490,"Coutts, Master. Eden Leslie Neville","male",9.0,1,1,34.01,"blacksmith"
491,"Hagland, Mr. Konrad Mathias Reiersen","male",,1,0,381.31,"blacksmith"
492,"Windelov, Mr. Einar","male",21.0,0,0,200.51,"blacksmith"
493,"Molson, Mr. Harry Markland","male",55.0,0,0,4489.49,"pharmacist"
494,"Artagaveytia, Mr. Ramon","male",71.0,0,0,3824.12,"apothecary"
495,"Stanley, Mr. Edward Roland","male",21.0,0,0,74.25,"barber"
496,"Yousseff, Mr. Gerious","male",,0,0,129.47,"wheelwright"
497,"Eustis, Miss. Elizabeth Mussey","female",54.0,1,0,4424.14,"music teacher"
498,"Shellard, Mr. Frederick William","male",,0,0,262.88,"barber"
499,"Allison, Mrs. Hudson J C (Bessie Waldo Daniels)","female",25.0,1,2,3348.91,"pharmacist"
500,"Svensson, Mr. Olof","male",24.0,0,0,159.97,"wheelwright"
501,"Calic, Mr. Petar","male",17.0,0,0,96.62,"wigmaker"
502,"Canavan, Miss. Mary","female",21.0,0,0,7.74,"weaver"
503,"O'Sullivan, Miss. Bridget Mary","female",,0,0,189.26,"blacksmith"
505,"Maioni, Miss. Roberta","female",16.0,0,0,2190.88,"music teacher"
506,"Penasco y Castellana, Mr. Victor de Satode","male",18.0,1,0,4341.37,"goldsmith"
507,"Quick, Mrs. Frederick Charles (Jane Richards)","female",33.0,0,2,1633.07,"silversmith"
508,"Bradley, Mr. George (George Arthur Brayton)","male",,0,0,3966.37,"goldsmith"
509,"Olsen, Mr. Henry Margido","male",28.0,0,0,368.94,"barber"
510,"Lang, Mr. Fang","male",26.0,0,0,170.72,"shoemaker"
511,"Daly, Mr. Eugene Patrick","male",29.0,0,0,362.86,"wigmaker"
512,"Webber, Mr. James","male",,0,0,12.95,"weaver"
513,"McGough, Mr. James Robert","male",36.0,0,0,3009.55,"apothecary"
514,"Rothschild, Mrs. Martin (Elizabeth L. Barrett)","female",54.0,1,0,3283.51,"dentist"
515,"Coleff, Mr. Satio","male",24.0,0,0,367.38,"barber"
516,"Walker, Mr. William Anderson","male",47.0,0,0,3559.96,"hatter"
517,"Lemore, Mrs. (Amelia Milley)","female",34.0,0,0,500.47,"cutler"
518,"Ryan, Mr. Patrick","male",,0,0,193.48,"wigmaker"
520,"Pavlovic, Mr. Stefo","male",32.0,0,0,262.35,"wheelwright"
521,"Perreault, Miss. Anne","female",30.0,0,0,4572.0,"apothecary"
523,"Lahoud, Mr. Sarkis","male",,0,0,229.04,"wigmaker"
524,"Hippach, Mrs. Louis Albert (Ida Sophia Fischer)","female",44.0,0,1,4588.11,"pharmacist"
525,"Kassem, Mr. Fared","male",,0,0,128.79,"wheelwright"
526,"Farrell, Mr. James","male",40.5,0,0,111.5,"shoemaker"
527,"Ridsdale, Miss. Lucy","female",50.0,0,0,601.26,"cabinetmaker"
528,"Farthing, Mr. John","male",,0,0,3355.45,"goldsmith"
529,"Salonen, Mr. Johan Werner","male",39.0,0,0,2.67,"wheelwright"
530,"Hocking, Mr. Richard George","male",23.0,2,1,1219.63,"cutler"
531,"Quick, Miss. Phyllis May","female",2.0,1,1,1660.25,"bookbinder"
532,"Toufik, Mr. Nakli","male",,0,0,90.36,"barber"
533,"Elias, Mr. Joseph Jr","male",17.0,1,1,205.83,"barber"
534,"Peter, Mrs. Catherine (Catherine Rizk)","female",,0,2,194.42,"blacksmith"
535,"Cacic, Miss. Marija","female",30.0,0,0,355.07,"blacksmith"
536,"Hart, Miss. Eva Miriam","female",7.0,0,2,408.56,"cutler"
537,"Butt, Major. Archibald Willingham","male",45.0,0,0,3300.55,"dentist"
538,"LeRoy, Miss. Bertha","female",30.0,0,0,3218.81,"farrier"
539,"Risien, Mr. Samuel Beard","male",,0,0,200.87,"blacksmith"
540,"Frolicher, Miss. Hedwig Margaritha","female",22.0,0,2,2551.94,"music teacher"
541,"Crosby, Miss. Harriet R","female",36.0,0,2,3645.67,"pharmacist"
542,"Andersson, Miss. Ingeborg Constanzia","female",9.0,4,2,340.17,"wigmaker"
543,"Andersson, Miss. Sigrid Elisabeth","female",11.0,4,2,395.28,"shoemaker"
544,"Beane, Mr. Edward","male",32.0,1,0,1280.2,"shopkeeper"
545,"Douglas, Mr. Walter Donald","male",50.0,1,0,2626.19,"pharmacist"
546,"Nicholson, Mr. Arthur Ernest","male",64.0,0,0,3603.26,"doctor"
547,"Beane, Mrs. Edward (Ethel Clarke)","female",19.0,1,0,1018.81,"cabinetmaker"
548,"Padro y Manent, Mr. Julian","male",,0,0,1703.45,"hatter"
549,"Goldsmith, Mr. Frank John","male",33.0,1,1,287.3,"wheelwright"
550,"Davies, Master. John Morgan Jr","male",8.0,1,1,980.54,"cutler"
551,"Thayer, Mr. John Borland Jr","male",17.0,0,2,4805.17,"music teacher"
552,"Sharp, Mr. Percival James R","male",27.0,0,0,789.93,"breechesmaker"
553,"O'Brien, Mr. Timothy","male",,0,0,310.17,"wheelwright"
554,"Leeni, Mr. Fahim (Philip Zenni)","male",22.0,0,0,315.02,"blacksmith"
555,"Ohman, Miss. Velin","female",22.0,0,0,175.04,"blacksmith"
556,"Wright, Mr. George","male",62.0,0,0,2685.66,"hatter"
557,"Duff Gordon, Lady. (Lucille Christiana Sutherland) (Mrs Morgan)","female",48.0,1,0,4026.25,"goldsmith"
558,"Robbins, Mr. Victor","male",,0,0,3182.67,"hatter"
559,"Taussig, Mrs. Emil (Tillie Mandelbaum)","female",39.0,1,1,4762.16,"music teacher"
560,"de Messemaeker, Mrs. Guillaume Joseph (Emma)","female",36.0,1,0,45.42,"blacksmith"
561,"Morrow, Mr. Thomas Rowan","male",,0,0,207.38,"shoemaker"
562,"Sivic, Mr. Husein","male",40.0,0,0,332.73,"weaver"
563,"Norman, Mr. Robert Douglas","male",28.0,0,0,1844.94,"cutler"
564,"Simmons, Mr. John","male",,0,0,351.12,"shoemaker"
565,"Meanwell, Miss. (Marion Ogden)","female",,0,0,172.96,"shoemaker"
566,"Davies, Mr. Alfred J","male",24.0,2,0,46.7,"weaver"
567,"Stoytcheff, Mr. Ilia","male",19.0,0,0,244.81,"weaver"
568,"Palsson, Mrs. Nils (Alma Cornelia Berglund)","female",29.0,0,4,273.0,"wheelwright"
569,"Doharr, Mr. Tannous","male",,0,0,357.71,"shoemaker"
570,"Jonsson, Mr. Carl","male",32.0,0,0,153.32,"blacksmith"
571,"Harris, Mr. George","male",62.0,0,0,1804.95,"hatter"
572,"Appleton, Mrs. Edward Dale (Charlotte Lamson)","female",53.0,2,0,3016.68,"music teacher"
573,"Flynn, Mr. John Irwin (Irving)","male",36.0,0,0,2987.09,"surgeon"
574,"Kelly, Miss. Mary","female",,0,0,345.88,"blacksmith"
575,"Rush, Mr. Alfred George John","male",16.0,0,0,360.17,"blacksmith"
576,"Patchett, Mr. George","male",19.0,0,0,387.5,"blacksmith"
577,"Garside, Miss. Ethel","female",34.0,0,0,578.96,"cabinetmaker"
578,"Silvey, Mrs. William Baird (Alice Munger)","female",39.0,1,0,2668.09,"farrier"
579,"Caram, Mrs. Joseph (Maria Elias)","female",,1,0,139.19,"wigmaker"
581,"Christy, Miss. Julie Rachel","female",25.0,1,1,1531.53,"cabinetmaker"
582,"Thayer, Mrs. John Borland (Marian Longstreth Morris)","female",39.0,1,1,3442.02,"apothecary"
583,"Downton, Mr. William James","male",54.0,0,0,1408.41,"coachmaker"
584,"Ross, Mr. John Hugo","male",36.0,0,0,4671.55,"doctor"
585,"Paulner, Mr. Uscher","male",,0,0,191.86,"wheelwright"
586,"Taussig, Miss. Ruth","female",18.0,0,2,4929.25,"goldsmith"
587,"Jarvis, Mr. John Denzil","male",47.0,0,0,656.11,"silversmith"
588,"Frolicher-Stehli, Mr. Maxmillian","male",60.0,1,1,2886.09,"apothecary"
589,"Gilinski, Mr. Eliezer","male",22.0,0,0,194.93,"shoemaker"
590,"Murdlin, Mr. Joseph","male",,0,0,395.3,"wigmaker"
591,"Rintamaki, Mr. Matti","male",35.0,0,0,374.86,"blacksmith"
592,"Stephenson, Mrs. Walter Bertram (Martha Eustis)","female",52.0,1,0,4788.57,"farrier"
593,"Elsbury, Mr. William James","male",47.0,0,0,271.62,"weaver"
594,"Bourke, Miss. Mary","female",,0,2,152.56,"blacksmith"
595,"Chapman, Mr. John Henry","male",37.0,1,0,530.56,"hatter"
596,"Van Impe, Mr. Jean Baptiste","male",36.0,1,1,157.73,"wigmaker"
597,"Leitch, Miss. Jessie Wills","female",,0,0,468.49,"bookbinder"
598,"Johnson, Mr. Alfred","male",49.0,0,0,235.22,"blacksmith"
599,"Boulos, Mr. Hanna","male",,0,0,350.33,"barber"
600,"Duff Gordon, Sir. Cosmo Edmund (Mr Morgan)","male",49.0,1,0,4275.28,"apothecary"
601,"Jacobsohn, Mrs. Sidney Samuel (Amy Frances Christy)","female",24.0,2,1,1018.48,"cutler"
602,"Slabenoff, Mr. Petco","male",,0,0,32.3,"shoemaker"
603,"Harrington, Mr. Charles H","male",,0,0,2542.97,"music teacher"
604,"Torber, Mr. Ernst William","male",44.0,0,0,153.49,"blacksmith"
606,"Lindell, Mr. Edvard Bengtsson","male",36.0,1,0,112.52,"blacksmith"
607,"Karaic, Mr. Milan","male",30.0,0,0,181.12,"wheelwright"
608,"Daniel, Mr. Robert Williams","male",27.0,0,0,3775.63,"pharmacist"
609,"Laroche, Mrs. Joseph (Juliette Marie Louise Lafargue)","female",22.0,1,2,628.96,"hatter"
610,"Shutes, Miss. Elizabeth W","female",40.0,0,0,4425.73,"pharmacist"
611,"Andersson, Mrs. Anders Johan (Alfrida Konstantia Brogren)","female",39.0,1,5,352.23,"shoemaker"
612,"Jardin, Mr. Jose Neto","male",,0,0,30.77,"wigmaker"
613,"Murphy, Miss. Margaret Jane","female",,1,0,125.73,"wigmaker"
614,"Horgan, Mr. John","male",,0,0,114.4,"shoemaker"
615,"Brocklebank, Mr. William Alfred","male",35.0,0,0,58.73,"weaver"
616,"Herman, Miss. Alice","female",24.0,1,2,927.23,"breechesmaker"
617,"Danbom, Mr. Ernst Gilbert","male",34.0,1,1,257.98,"barber"
618,"Lobb, Mrs. William Arthur (Cordelia K Stanlick)","female",26.0,1,0,97.27,"blacksmith"
619,"Becker, Miss. Marion Louise","female",4.0,2,1,835.7,"hatter"
620,"Gavey, Mr. Lawrence","male",26.0,0,0,1193.84,"cabinetmaker"
621,"Yasbeck, Mr. Antoni","male",27.0,1,0,198.29,"barber"
622,"Kimball, Mr. Edwin Nelson Jr","male",42.0,1,0,3536.65,"doctor"
623,"Nakid, Mr. Sahid","male",20.0,1,1,317.98,"blacksmith"
624,"Hansen, Mr. Henry Damsgaard","male",21.0,0,0,323.85,"weaver"
625,"Bowen, Mr. David John Dai","male",21.0,0,0,209.22,"wheelwright"
626,"Sutton, Mr. Frederick","male",61.0,0,0,4903.1,"hatter"
627,"Kirkland, Rev. Charles Leonard","male",57.0,0,0,842.79,"cutler"
628,"Longley, Miss. Gretchen Fiske","female",21.0,0,0,2959.83,"hatter"
629,"Bostandyeff, Mr. Guentcho","male",26.0,0,0,346.05,"blacksmith"
630,"O'Connell, Mr. Patrick D","male",,0,0,116.66,"blacksmith"
631,"Barkworth, Mr. Algernon Henry Wilson","male",80.0,0,0,3340.0,"doctor"
632,"Lundahl, Mr. Johan Svensson","male",51.0,0,0,364.14,"wheelwright"
633,"Stahelin-Maeglin, Dr. Max","male",32.0,0,0,4791.25,"doctor"
634,"Parr, Mr. William Henry Marsh","male",,0,0,3546.04,"surgeon"
635,"Skoog, Miss. Mabel","female",9.0,3,2,178.72,"blacksmith"
636,"Davis, Miss. Mary","female",28.0,0,0,1660.04,"bookbinder"
637,"Leinonen, Mr. Antti Gustaf","male",32.0,0,0,251.86,"barber"
638,"Collyer, Mr. Harvey","male",31.0,1,1,1104.99,"cabinetmaker"
639,"Panula, Mrs. Juha (Maria Emilia Ojala)","female",41.0,0,5,149.04,"wigmaker"
640,"Thorneycroft, Mr. Percival","male",,1,0,321.99,"blacksmith"
641,"Jensen, Mr. Hans Peder","male",20.0,0,0,91.44,"shoemaker"
642,"Sagesser, Mlle. Emma","female",24.0,0,0,3211.26,"goldsmith"
645,"Baclini, Miss. Eugenie","female",0.75,2,1,242.44,"wheelwright"
646,"Harper, Mr. Henry Sleeper","male",48.0,1,0,4146.92,"apothecary"
647,"Cor, Mr. Liudevit","male",19.0,0,0,372.91,"blacksmith"
648,"Simonius-Blumer, Col. Oberst Alfons","male",56.0,0,0,4764.45,"doctor"
649,"Willey, Mr. Edward","male",,0,0,354.08,"blacksmith"
650,"Stanley, Miss. Amy Zillah Elsie","female",23.0,0,0,151.29,"blacksmith"
651,"Mitkoff, Mr. Mito","male",,0,0,213.44,"blacksmith"
652,"Doling, Miss. Elsie","female",18.0,0,1,1381.08,"shopkeeper"
653,"Kalvik, Mr. Johannes Halvorsen","male",21.0,0,0,225.98,"blacksmith"
654,"O'Leary, Miss. Hanora Norah","female",,0,0,164.71,"weaver"
655,"Hegarty, Miss. Hanora Nora","female",18.0,0,0,127.73,"wheelwright"
656,"Hickman, Mr. Leonard Mark","male",24.0,2,0,457.96,"coachmaker"
657,"Radeff, Mr. Alexander","male",,0,0,383.55,"shoemaker"
658,"Bourke, Mrs. John (Catherine)","female",32.0,1,1,256.1,"blacksmith"
659,"Eitemiller, Mr. George Floyd","male",23.0,0,0,658.05,"bookbinder"
660,"Newell, Mr. Arthur Webster","male",58.0,0,2,3293.03,"farrier"
661,"Frauenthal, Dr. Henry William","male",50.0,2,0,2785.58,"dentist"
662,"Badt, Mr. Mohamed","male",40.0,0,0,384.65,"barber"
663,"Colley, Mr. Edward Pomeroy","male",47.0,0,0,2816.39,"apothecary"
665,"Lindqvist, Mr. Eino William","male",20.0,1,0,365.23,"blacksmith"
666,"Hickman, Mr. Lewis","male",32.0,2,0,1320.49,"shopkeeper"
667,"Butler, Mr. Reginald Fenton","male",25.0,0,0,1634.16,"hatter"
668,"Rommetvedt, Mr. Knud Paust","male",,0,0,261.51,"blacksmith"
669,"Cook, Mr. Jacob","male",43.0,0,0,339.28,"shoemaker"
670,"Taylor, Mrs. Elmer Zebley (Juliet Cummins Wright)","female",,1,0,2985.83,"hatter"
671,"Brown, Mrs. Thomas William Solomon (Elizabeth Catherine Ford)","female",40.0,1,1,701.99,"carpenter-joiner"
672,"Davidson, Mr. Thornton","male",31.0,1,0,3320.85,"goldsmith"
673,"Mitchell, Mr. Henry Michael","male",70.0,0,0,592.51,"silversmith"
674,"Wilhelms, Mr. Charles","male",31.0,0,0,750.0,"cutler"
675,"Watson, Mr. Ennis Hastings","male",,0,0,1449.68,"hatter"
676,"Edvardsson, Mr. Gustaf Hjalmar","male",18.0,0,0,343.73,"shoemaker"
677,"Sawyer, Mr. Frederick Charles","male",24.5,0,0,277.86,"blacksmith"
678,"Turja, Miss. Anna Sofia","female",18.0,0,0,73.52,"shoemaker"
679,"Goodwin, Mrs. Frederick (Augusta Tyler)","female",43.0,1,6,111.37,"blacksmith"
680,"Cardeza, Mr. Thomas Drake Martinez","male",36.0,0,1,2929.86,"surgeon"
681,"Peters, Miss. Katie","female",,0,0,254.05,"weaver"
682,"Hassab, Mr. Hammad","male",27.0,0,0,2139.25,"music teacher"
683,"Olsvigen, Mr. Thor Anderson","male",20.0,0,0,397.06,"wheelwright"
684,"Goodwin, Mr. Charles Edward","male",14.0,5,2,89.53,"blacksmith"
685,"Brown, Mr. Thomas William Solomon","male",60.0,1,1,529.6,"cutler"
686,"Laroche, Mr. Joseph Philippe Lemercier","male",25.0,1,2,744.04,"hatter"
687,"Panula, Mr. Jaako Arnold","male",14.0,4,1,278.22,"shoemaker"
688,"Dakic, Mr. Branko","male",19.0,0,0,28.38,"blacksmith"
689,"Fischer, Mr. Eberhard Thelander","male",18.0,0,0,76.77,"shoemaker"
690,"Madill, Miss. Georgette Alexandra","female",15.0,0,1,2819.8,"hatter"
691,"Dick, Mr. Albert Adrian","male",31.0,1,0,2389.6,"hatter"
692,"Karun, Miss. Manca","female",4.0,0,1,175.84,"shoemaker"
693,"Lam, Mr. Ali","male",,0,0,151.99,"wheelwright"
694,"Saad, Mr. Khalil","male",25.0,0,0,123.21,"weaver"
695,"Weir, Col. John","male",60.0,0,0,2709.69,"farrier"
696,"Chapman, Mr. Charles Henry","male",52.0,0,0,1342.37,"breechesmaker"
697,"Kelly, Mr. James","male",44.0,0,0,45.3,"wheelwright"
698,"Mullens, Miss. Katherine Katie","female",,0,0,146.13,"barber"
699,"Thayer, Mr. John Borland","male",49.0,1,1,3694.98,"farrier"
700,"Humblen, Mr. Adolf Mathias Nicolai Olsen","male",42.0,0,0,210.05,"shoemaker"
701,"Astor, Mrs. John Jacob (Madeleine Talmadge Force)","female",18.0,1,0,4840.92,"apothecary"
702,"Silverthorne, Mr. Spencer Victor","male",35.0,0,0,3874.75,"pharmacist"
703,"Barbara, Miss. Saiide","female",18.0,0,1,114.57,"blacksmith"
705,"Hansen, Mr. Henrik Juul","male",26.0,1,0,165.31,"blacksmith"
706,"Morley, Mr. Henry Samuel (Mr Henry Marshall)","male",39.0,0,0,1084.3,"bookbinder"
707,"Kelly, Mrs. Florence Fannie","female",45.0,0,0,856.98,"silversmith"
708,"Calderhead, Mr. Edward Pennington","male",42.0,0,0,2141.41,"apothecary"
709,"Cleaver, Miss. Alice","female",22.0,0,0,3016.64,"surgeon"
710,"Moubarek, Master. Halim Gonios (William George)","male",,1,1,16.23,"blacksmith"
711,"Mayne, Mlle. Berthe Antonine (Mrs de Villiers)","female",24.0,0,0,2359.6,"farrier"
712,"Klaber, Mr. Herman","male",,0,0,4098.02,"pharmacist"
713,"Taylor, Mr. Elmer Zebley","male",48.0,1,0,3329.95,"music teacher"
714,"Larsson, Mr. August Viktor","male",29.0,0,0,165.39,"wigmaker"
715,"Greenberg, Mr. Samuel","male",52.0,0,0,401.64,"shopkeeper"
716,"Soholt, Mr. Peter Andreas Lauritz Andersen","male",19.0,0,0,36.24,"wigmaker"
717,"Endres, Miss. Caroline Louise","female",38.0,0,0,4034.12,"farrier"
718,"Troutt, Miss. Edwina Celia Winnie","female",27.0,0,0,1969.25,"carpenter-joiner"
719,"McEvoy, Mr. Michael","male",,0,0,35.71,"blacksmith"
720,"Johnson, Mr. Malkolm Joackim","male",33.0,0,0,215.53,"wheelwright"
721,"Harper, Miss. Annie Jessie Nina","female",6.0,0,1,1641.3,"breechesmaker"
722,"Jensen, Mr. Svend Lauritz","male",17.0,1,0,37.9,"wheelwright"
723,"Gillespie, Mr. William Henry","male",34.0,0,0,769.69,"silversmith"
724,"Hodges, Mr. Henry Price","male",50.0,0,0,1156.72,"breechesmaker"
725,"Chambers, Mr. Norman Campbell","male",27.0,1,0,3897.61,"surgeon"
726,"Oreskovic, Mr. Luka","male",20.0,0,0,382.7,"blacksmith"
727,"Renouf, Mrs. Peter Henry (Lillian Jefferys)","female",30.0,3,0,1729.21,"carpenter-joiner"
728,"Mannion, Miss. Margareth","female",,0,0,327.26,"wheelwright"
729,"Bryhl, Mr. Kurt Arnold Gottfrid","male",25.0,1,0,1695.14,"cutler"
730,"Ilmakangas, Miss. Pieta Sofia","female",25.0,1,0,193.62,"weaver"
731,"Allen, Miss. Elisabeth Walton","female",29.0,0,0,2355.88,"dentist"
732,"Hassan, Mr. Houssein G N","male",11.0,0,0,163.06,"wheelwright"
733,"Knight, Mr. Robert J","male",,0,0,961.01,"shopkeeper"
734,"Berriman, Mr. William John","male",23.0,0,0,477.14,"coachmaker"
735,"Troupiansky, Mr. Moses Aaron","male",23.0,0,0,707.18,"silversmith"
736,"Williams, Mr. Leslie","male",28.5,0,0,382.58,"blacksmith"
737,"Ford, Mrs. Edward (Margaret Ann Watson)","female",48.0,1,3,185.4,"wigmaker"
738,"Lesurer, Mr. Gustave J","male",35.0,0,0,4465.21,"pharmacist"
739,"Ivanoff, Mr. Kanio","male",,0,0,261.75,"shoemaker"
741,"Hawksford, Mr. Walter James","male",,0,0,3520.98,"dentist"
742,"Cavendish, Mr. Tyrell William","male",36.0,1,0,2084.44,"pharmacist"
743,"Ryerson, Miss. Susan Parker Suzette","female",21.0,2,2,2593.29,"music teacher"
744,"McNamee, Mr. Neal","male",24.0,1,0,287.75,"weaver"
745,"Stranden, Mr. Juho","male",31.0,0,0,369.73,"shoemaker"
746,"Crosby, Capt. Edward Gifford","male",70.0,1,1,2409.13,"pharmacist"
747,"Abbott, Mr. Rossmore Edward","male",16.0,1,1,186.58,"weaver"
748,"Sinkkonen, Miss. Anna","female",30.0,0,0,868.69,"shopkeeper"
749,"Marvin, Mr. Daniel Warner","male",19.0,1,0,4243.64,"pharmacist"
750,"Connaghton, Mr. Michael","male",31.0,0,0,78.6,"barber"
751,"Wells, Miss. Joan","female",4.0,1,1,1950.39,"cabinetmaker"
752,"Moor, Master. Meier","male",6.0,0,1,250.26,"wheelwright"
753,"Vande Velde, Mr. Johannes Joseph","male",33.0,0,0,291.95,"weaver"
754,"Jonkoff, Mr. Lalio","male",23.0,0,0,86.56,"barber"
755,"Herman, Mrs. Samuel (Jane Laver)","female",48.0,1,2,1877.37,"breechesmaker"
756,"Hamalainen, Master. Viljo","male",0.67,1,1,618.17,"breechesmaker"
757,"Carlsson, Mr. August Sigfrid","male",28.0,0,0,387.12,"wheelwright"
758,"Bailey, Mr. Percy Andrew","male",18.0,0,0,1186.68,"carpenter-joiner"
759,"Theobald, Mr. Thomas Leonard","male",34.0,0,0,189.63,"barber"
760,"Rothes, the Countess. of (Lucy Noel Martha Dyer-Edwards)","female",33.0,0,0,4803.91,"pharmacist"
761,"Garfirth, Mr. John","male",,0,0,273.93,"barber"
762,"Nirva, Mr. Iisakki Antino Aijo","male",41.0,0,0,391.86,"barber"
763,"Barah, Mr. Hanna Assi","male",20.0,0,0,95.82,"shoemaker"
764,"Carter, Mrs. William Ernest (Lucile Polk)","female",36.0,1,2,3313.22,"dentist"
765,"Eklund, Mr. Hans Linus","male",16.0,0,0,234.05,"blacksmith"
766,"Hogeboom, Mrs. John C (Anna Andrews)","female",51.0,1,0,3483.71,"doctor"
767,"Brewe, Dr. Arthur Jackson","male",,0,0,2971.57,"pharmacist"
768,"Mangan, Miss. Mary","female",30.5,0,0,294.21,"shoemaker"
769,"Moran, Mr. Daniel J","male",,1,0,291.73,"wheelwright"
770,"Gronnestad, Mr. Daniel Danielsen","male",32.0,0,0,301.89,"barber"
771,"Lievens, Mr. Rene Aime","male",24.0,0,0,360.36,"wigmaker"
772,"Jensen, Mr. Niels Peder","male",48.0,0,0,245.52,"weaver"
773,"Mack, Mrs. (Mary)","female",57.0,0,0,1616.23,"carpenter-joiner"
774,"Elias, Mr. Dibo","male",,0,0,217.27,"blacksmith"
775,"Hocking, Mrs. Elizabeth (Eliza Needs)","female",54.0,1,3,1962.0,"coachmaker"
776,"Myhrman, Mr. Pehr Fabian Oliver Malkolm","male",18.0,0,0,145.82,"shoemaker"
777,"Tobin, Mr. Roger","male",,0,0,267.79,"wheelwright"
778,"Emanuel, Miss. Virginia Ethel","female",5.0,0,0,113.73,"wheelwright"
779,"Kilgannon, Mr. Thomas J","male",,0,0,364.6,"shoemaker"
780,"Robert, Mrs. Edward Scott (Elisabeth Walton McMillan)","female",43.0,0,1,2685.34,"music teacher"
781,"Ayoub, Miss. Banoura","female",13.0,0,0,384.67,"barber"
782,"Dick, Mrs. Albert Adrian (Vera Gillespie)","female",17.0,1,0,2643.53,"farrier"
783,"Long, Mr. Milton Clyde","male",29.0,0,0,4955.49,"music teacher"
784,"Johnston, Mr. Andrew G","male",,1,2,283.7,"wigmaker"
785,"Ali, Mr. William","male",25.0,0,0,193.57,"barber"
786,"Harmer, Mr. Abraham (David Lishin)","male",25.0,0,0,370.5,"wheelwright"
787,"Sjoblom, Miss. Anna Sofia","female",18.0,0,0,220.58,"wigmaker"
788,"Rice, Master. George Hugh","male",8.0,4,1,11.33,"wigmaker"
789,"Dean, Master. Bertram Vere","male",1.0,1,2,188.33,"weaver"
790,"Guggenheim, Mr. Benjamin","male",46.0,0,0,4546.88,"doctor"
791,"Keane, Mr. Andrew Andy","male",,0,0,362.01,"shoemaker"
792,"Gaskell, Mr. Alfred","male",16.0,0,0,646.71,"cabinetmaker"
793,"Sage, Miss. Stella Anna","female",,8,2,326.9,"blacksmith"
794,"Hoyt, Mr. William Fisher","male",,0,0,4137.4,"surgeon"
795,"Dantcheff, Mr. Ristiu","male",25.0,0,0,128.7,"weaver"
796,"Otter, Mr. Richard","male",39.0,0,0,719.34,"coachmaker"
797,"Leader, Dr. Alice (Farnham)","female",49.0,0,0,2491.55,"dentist"
798,"Osman, Mrs. Mara","female",31.0,0,0,360.7,"shoemaker"
799,"Ibrahim Shawah, Mr. Yousseff","male",30.0,0,0,336.7,"shoemaker"
801,"Ponesell, Mr. Martin","male",34.0,0,0,712.15,"carpenter-joiner"
802,"Collyer, Mrs. Harvey (Charlotte Annie Tate)","female",31.0,1,1,502.84,"shopkeeper"
803,"Carter, Master. William Thornton II","male",11.0,1,2,3806.19,"hatter"
804,"Thomas, Master. Assad Alexander","male",0.42,0,1,218.31,"blacksmith"
805,"Hedman, Mr. Oskar Arvid","male",27.0,0,0,330.31,"shoemaker"
806,"Johansson, Mr. Karl Johan","male",31.0,0,0,129.11,"shoemaker"
807,"Andrews, Mr. Thomas Jr","male",39.0,0,0,3840.78,"music teacher"
808,"Pettersson, Miss. Ellen Natalia","female",18.0,0,0,298.54,"wheelwright"
809,"Meyer, Mr. August","male",39.0,0,0,1209.48,"cabinetmaker"
810,"Chambers, Mrs. Norman Campbell (Bertha Griggs)","female",33.0,1,0,2398.69,"pharmacist"
811,"Alexander, Mr. William","male",26.0,0,0,256.64,"barber"
812,"Lester, Mr. James","male",39.0,0,0,176.82,"barber"
813,"Slemen, Mr. Richard James","male",35.0,0,0,466.8,"breechesmaker"
814,"Andersson, Miss. Ebba Iris Alfrida","female",6.0,4,2,140.45,"barber"
815,"Tomlin, Mr. Ernest Portage","male",30.5,0,0,70.19,"blacksmith"
816,"Fry, Mr. Richard","male",,0,0,3407.78,"music teacher"
817,"Heininen, Miss. Wendla Maria","female",23.0,0,0,324.52,"barber"
818,"Mallet, Mr. Albert","male",31.0,1,1,607.4,"bookbinder"
819,"Holm, Mr. John Fredrik Alexander","male",43.0,0,0,151.99,"blacksmith"
820,"Skoog, Master. Karl Thorsten","male",10.0,3,2,192.32,"weaver"
821,"Hays, Mrs. Charles Melville (Clara Jennings Gregg)","female",52.0,1,1,4166.79,"farrier"
822,"Lulic, Mr. Nikola","male",27.0,0,0,397.48,"wigmaker"
823,"Reuchlin, Jonkheer. John George","male",38.0,0,0,3953.57,"apothecary"
824,"Moor, Mrs. (Beila)","female",27.0,0,1,9.15,"blacksmith"
825,"Panula, Master. Urho Abraham","male",2.0,4,1,369.05,"wheelwright"
826,"Flynn, Mr. John","male",,0,0,94.45,"wheelwright"
827,"Lam, Mr. Len","male",,0,0,256.88,"barber"
828,"Mallet, Master. Andre","male",1.0,0,2,868.97,"cabinetmaker"
829,"McCormack, Mr. Thomas Joseph","male",,0,0,49.97,"wigmaker"
830,"Stone, Mrs. George Nelson (Martha Evelyn)","female",62.0,0,0,3157.42,"dentist"
831,"Yasbeck, Mrs. Antoni (Selini Alexander)","female",15.0,1,0,178.02,"wigmaker"
832,"Richards, Master. George Sibley","male",0.83,1,1,717.96,"cabinetmaker"
833,"Saad, Mr. Amin","male",,0,0,65.13,"shoemaker"
834,"Augustsson, Mr. Albert","male",23.0,0,0,46.54,"shoemaker"
835,"Allum, Mr. Owen George","male",18.0,0,0,228.62,"blacksmith"
836,"Compton, Miss. Sara Rebecca","female",39.0,1,1,4189.54,"doctor"
837,"Pasic, Mr. Jakob","male",21.0,0,0,30.99,"wheelwright"
838,"Sirota, Mr. Maurice","male",,0,0,14.0,"barber"
839,"Chip, Mr. Chang","male",32.0,0,0,83.38,"weaver"
840,"Marechal, Mr. Pierre","male",,0,0,2312.05,"hatter"
841,"Alhomaki, Mr. Ilmari Rudolf","male",20.0,0,0,34.19,"wheelwright"
842,"Mudd, Mr. Thomas Charles","male",16.0,0,0,674.34,"carpenter-joiner"
843,"Serepeca, Miss. Augusta","female",30.0,0,0,2653.78,"goldsmith"
844,"Lemberopolous, Mr. Peter L","male",34.5,0,0,227.84,"blacksmith"
845,"Culumovic, Mr. Jeso","male",17.0,0,0,16.34,"blacksmith"
846,"Abbing, Mr. Anthony","male",42.0,0,0,47.97,"wigmaker"
847,"Sage, Mr. Douglas Bullen","male",,8,2,180.26,"barber"
848,"Markoff, Mr. Marin","male",35.0,0,0,73.72,"weaver"
849,"Harper, Rev. John","male",28.0,0,1,1635.9,"breechesmaker"
850,"Goldenberg, Mrs. Samuel L (Edwiga Grabowska)","female",,1,0,4268.14,"hatter"
851,"Andersson, Master. Sigvard Harald Elias","male",4.0,4,2,339.49,"blacksmith"
852,"Svensson, Mr. Johan","male",74.0,0,0,331.05,"wheelwright"
853,"Boulos, Miss. Nourelain","female",9.0,1,1,275.69,"barber"
854,"Lines, Miss. Mary Conover","female",16.0,0,1,4351.27,"farrier"
855,"Carter, Mrs. Ernest Courtenay (Lilian Hughes)","female",44.0,1,0,613.24,"hatter"
856,"Aks, Mrs. Sam (Leah Rosen)","female",18.0,0,1,83.25,"wheelwright"
857,"Wick, Mrs. George Dennick (Mary Hitchcock)","female",45.0,1,1,4349.79,"music teacher"
858,"Daly, Mr. Peter Denis ","male",51.0,0,0,4825.21,"music teacher"
859,"Baclini, Mrs. Solomon (Latifa Qurban)","female",24.0,0,3,43.95,"barber"
860,"Razi, Mr. Raihed","male",,0,0,248.78,"barber"
861,"Hansen, Mr. Claus Peter","male",41.0,2,0,108.46,"wheelwright"
862,"Giles, Mr. Frederick Edward","male",21.0,1,0,871.96,"cabinetmaker"
863,"Swift, Mrs. Frederick Joel (Margaret Welles Barron)","female",48.0,0,0,4444.25,"goldsmith"
864,"Sage, Miss. Dorothy Edith Dolly","female",,8,2,332.37,"barber"
865,"Gill, Mr. John William","male",24.0,0,0,594.44,"shopkeeper"
866,"Bystrom, Mrs. (Karolina)","female",42.0,0,0,1227.51,"carpenter-joiner"
867,"Duran y More, Miss. Asuncion","female",27.0,1,0,1259.14,"carpenter-joiner"
868,"Roebling, Mr. Washington Augustus II","male",31.0,0,0,4447.86,"apothecary"
869,"van Melkebeke, Mr. Philemon","male",,0,0,18.71,"wigmaker"
870,"Johnson, Master. Harold Theodor","male",4.0,1,1,205.19,"weaver"
871,"Balkic, Mr. Cerin","male",26.0,0,0,283.29,"wheelwright"
872,"Beckwith, Mrs. Richard Leonard (Sallie Monypeny)","female",47.0,1,1,3147.0,"farrier"
873,"Carlsson, Mr. Frans Olof","male",33.0,0,0,3831.18,"goldsmith"
874,"Vander Cruyssen, Mr. Victor","male",47.0,0,0,316.63,"wigmaker"
876,"Najib, Miss. Adele Kiamie Jane","female",15.0,0,0,8.87,"wigmaker"
877,"Gustafsson, Mr. Alfred Ossian","male",20.0,0,0,393.28,"blacksmith"
878,"Petroff, Mr. Nedelio","male",19.0,0,0,190.59,"wigmaker"
879,"Laleff, Mr. Kristo","male",,0,0,248.57,"wigmaker"
880,"Potter, Mrs. Thomas Jr (Lily Alexenia Wilson)","female",56.0,0,1,2422.99,"pharmacist"
881,"Shelley, Mrs. William (Imanita Parrish Hall)","female",25.0,0,1,840.66,"shopkeeper"
882,"Markun, Mr. Johann","male",33.0,0,0,219.78,"shoemaker"
883,"Dahlberg, Miss. Gerda Ulrika","female",22.0,0,0,243.1,"wheelwright"
884,"Banfield, Mr. Frederick James","male",28.0,0,0,564.7,"hatter"
885,"Sutehall, Mr. Henry Jr","male",25.0,0,0,110.29,"blacksmith"
886,"Rice, Mrs. William (Margaret Norton)","female",39.0,0,5,58.51,"blacksmith"
887,"Montvila, Rev. Juozas","male",27.0,0,0,452.78,"silversmith"
889,"Johnston, Miss. Catherine Helen Carrie","female",,1,2,300.66,"blacksmith"
890,"Behr, Mr. Karl Howell","male",26.0,0,0,2628.22,"apothecary"
891,"Dooley, Mr. Patrick","male",32.0,0,0,200.0,"wheelwright"
892,"Kelly, Mr. James","male",34.5,0,0,186.57,"barber"
893,"Wilkes, Mrs. James (Ellen Needs)","female",47.0,1,0,366.84,"barber"
894,"Myles, Mr. Thomas Francis","male",62.0,0,0,1498.06,"shopkeeper"
895,"Wirz, Mr. Albert","male",27.0,0,0,298.59,"weaver"
896,"Hirvonen, Mrs. Alexander (Helga E Lindqvist)","female",22.0,1,1,349.43,"weaver"
897,"Svensson, Mr. Johan Cervin","male",14.0,0,0,341.41,"blacksmith"
898,"Connolly, Miss. Kate","female",30.0,0,0,341.44,"blacksmith"
899,"Caldwell, Mr. Albert Francis","male",26.0,1,1,878.04,"cutler"
900,"Abrahim, Mrs. Joseph (Sophie Halaut Easu)","female",18.0,0,0,200.48,"blacksmith"
901,"Davies, Mr. John Samuel","male",21.0,2,0,41.13,"blacksmith"
902,"Ilieff, Mr. Ylio","male",,0,0,179.78,"blacksmith"
903,"Jones, Mr. Charles Cresson","male",46.0,0,0,4047.87,"surgeon"
904,"Snyder, Mrs. John Pillsbury (Nelle Stevenson)","female",23.0,1,0,2986.73,"music teacher"
905,"Howard, Mr. Benjamin","male",63.0,1,0,636.13,"coachmaker"
906,"Chaffee, Mrs. Herbert Fuller (Carrie Constance Toogood)","female",47.0,1,0,3781.84,"goldsmith"
907,"del Carlo, Mrs. Sebastiano (Argenia Genovesi)","female",24.0,1,0,1182.6,"bookbinder"
908,"Keane, Mr. Daniel","male",35.0,0,0,915.36,"cabinetmaker"
909,"Assaf, Mr. Gerios","male",21.0,0,0,174.76,"barber"
910,"Ilmakangas, Miss. Ida Livija","female",27.0,1,0,397.81,"shoemaker"
911,"Assaf Khalil, Mrs. Mariana (Miriam)","female",45.0,0,0,46.06,"barber"
912,"Rothschild, Mr. Martin","male",55.0,1,0,3739.84,"dentist"
913,"Olsen, Master. Artur Karl","male",9.0,0,1,170.71,"wheelwright"
915,"Williams, Mr. Richard Norris II","male",21.0,0,1,4698.78,"doctor"
916,"Ryerson, Mrs. Arthur Larned (Emily Maria Borie)","female",48.0,1,3,2734.46,"surgeon"
917,"Robins, Mr. Alexander A","male",50.0,1,0,222.81,"wheelwright"
918,"Ostby, Miss. Helene Ragnhild","female",22.0,0,1,4962.37,"hatter"
919,"Daher, Mr. Shedid","male",22.5,0,0,364.27,"shoemaker"
920,"Brady, Mr. John Bertram","male",41.0,0,0,3707.98,"goldsmith"
921,"Samaan, Mr. Elias","male",,2,0,18.99,"wheelwright"
922,"Louch, Mr. Charles Alexander","male",50.0,1,0,1740.75,"shopkeeper"
923,"Jefferys, Mr. Clifford Thomas","male",24.0,2,0,1710.24,"hatter"
924,"Dean, Mrs. Bertram (Eva Georgetta Light)","female",33.0,1,2,317.37,"blacksmith"
925,"Johnston, Mrs. Andrew G (Elizabeth Lily Watson)","female",,1,2,104.66,"blacksmith"
926,"Mock, Mr. Philipp Edmund","male",30.0,1,0,4262.04,"surgeon"
927,"Katavelas, Mr. Vassilios (Catavelas Vassilios)","male",18.5,0,0,235.25,"wheelwright"
928,"Roth, Miss. Sarah A","female",,0,0,258.48,"blacksmith"
929,"Cacic, Miss. Manda","female",21.0,0,0,368.25,"weaver"
930,"Sap, Mr. Julius","male",25.0,0,0,247.9,"wigmaker"
931,"Hee, Mr. Ling","male",,0,0,133.88,"blacksmith"
932,"Karun, Mr. Franz","male",39.0,0,1,187.52,"barber"
933,"Franklin, Mr. Thomas Parham","male",,0,0,2388.42,"apothecary"
934,"Goldsmith, Mr. Nathan","male",41.0,0,0,308.42,"wheelwright"
935,"Corbett, Mrs. Walter H (Irene Colvin)","female",30.0,0,0,1773.74,"cutler"
936,"Kimball, Mrs. Edwin Nelson Jr (Gertrude Parsons)","female",45.0,1,0,2440.16,"farrier"
937,"Peltomaki, Mr. Nikolai Johannes","male",25.0,0,0,358.08,"blacksmith"
938,"Chevre, Mr. Paul Romaine","male",45.0,0,0,3861.66,"farrier"
939,"Shaughnessy, Mr. Patrick","male",,0,0,274.33,"blacksmith"
940,"Bucknell, Mrs. William Robert (Emma Eliza Ward)","female",60.0,0,0,4484.8,"pharmacist"
941,"Coutts, Mrs. William (Winnie Minnie Treanor)","female",36.0,0,2,229.71,"wheelwright"
942,"Smith, Mr. Lucien Philip","male",24.0,1,0,2172.74,"hatter"
943,"Pulbaum, Mr. Franz","male",27.0,0,0,1291.78,"cutler"
944,"Hocking, Miss. Ellen Nellie","female",20.0,2,1,1206.38,"coachmaker"
945,"Fortune, Miss. Ethel Flora","female",28.0,3,2,3785.84,"pharmacist"
946,"Mangiavacchi, Mr. Serafino Emilio","male",,0,0,611.99,"carpenter-joiner"
947,"Rice, Master. Albert","male",10.0,4,1,208.61,"barber"
948,"Cor, Mr. Bartol","male",35.0,0,0,45.42,"blacksmith"
949,"Abelseth, Mr. Olaus Jorgensen","male",25.0,0,0,156.98,"barber"
950,"Davison, Mr. Thomas Henry","male",,1,0,231.23,"wigmaker"
951,"Chaudanson, Miss. Victorine","female",36.0,0,0,3570.4,"pharmacist"
952,"Dika, Mr. Mirko","male",17.0,0,0,232.75,"weaver"
953,"McCrae, Mr. Arthur Gordon","male",32.0,0,0,938.01,"shopkeeper"
954,"Bjorklund, Mr. Ernst Herbert","male",18.0,0,0,316.95,"wheelwright"
955,"Bradley, Miss. Bridget Delia","female",22.0,0,0,153.96,"weaver"
957,"Corey, Mrs. Percy C (Mary Phyllis Elizabeth Miller)","female",,0,0,1909.01,"coachmaker"
958,"Burns, Miss. Mary Delia","female",18.0,0,0,369.92,"weaver"
959,"Moore, Mr. Clarence Bloomfield","male",47.0,0,0,4919.55,"apothecary"
960,"Tucker, Mr. Gilbert Milligan Jr","male",31.0,0,0,3600.23,"apothecary"
961,"Fortune, Mrs. Mark (Mary McDougald)","female",60.0,1,4,4485.16,"hatter"
962,"Mulvihill, Miss. Bertha E","female",24.0,0,0,66.95,"wigmaker"
963,"Minkoff, Mr. Lazar","male",21.0,0,0,354.89,"wheelwright"
964,"Nieminen, Miss. Manta Josefina","female",29.0,0,0,55.88,"barber"
965,"Ovies y Rodriguez, Mr. Servando","male",28.5,0,0,2458.52,"farrier"
966,"Geiger, Miss. Amalie","female",35.0,0,0,4499.63,"hatter"
967,"Keeping, Mr. Edwin","male",32.5,0,0,3208.88,"dentist"
968,"Miles, Mr. Frank","male",,0,0,154.93,"wheelwright"
969,"Cornell, Mrs. Robert Clifford (Malvina Helen Lamson)","female",55.0,2,0,2786.45,"apothecary"
970,"Aldworth, Mr. Charles Augustus","male",30.0,0,0,1667.79,"coachmaker"
971,"Doyle, Miss. Elizabeth","female",24.0,0,0,199.8,"weaver"
972,"Boulos, Master. Akar","male",6.0,1,1,146.93,"barber"
973,"Straus, Mr. Isidor","male",67.0,1,0,2642.98,"pharmacist"
974,"Case, Mr. Howard Brown","male",49.0,0,0,3384.6,"doctor"
975,"Demetri, Mr. Marinko","male",,0,0,23.51,"blacksmith"
976,"Lamb, Mr. John Joseph","male",,0,0,1517.72,"silversmith"
977,"Khalil, Mr. Betros","male",,1,0,334.5,"shoemaker"
978,"Barry, Miss. Julia","female",27.0,0,0,245.68,"weaver"
979,"Badman, Miss. Emily Louisa","female",18.0,0,0,86.72,"wheelwright"
980,"O'Donoghue, Ms. Bridget","female",,0,0,70.33,"shoemaker"
981,"Wells, Master. Ralph Lester","male",2.0,1,1,1903.89,"shopkeeper"
982,"Dyker, Mrs. Adolf Fredrik (Anna Elisabeth Judith Andersson)","female",22.0,1,0,180.49,"blacksmith"
983,"Pedersen, Mr. Olaf","male",,0,0,297.65,"shoemaker"
984,"Davidson, Mrs. Thornton (Orian Hays)","female",27.0,1,2,2206.14,"apothecary"
985,"Guest, Mr. Robert","male",,0,0,66.14,"weaver"
986,"Birnbaum, Mr. Jakob","male",25.0,0,0,4532.67,"dentist"
987,"Tenglin, Mr. Gunnar Isidor","male",25.0,0,0,70.46,"shoemaker"
988,"Cavendish, Mrs. Tyrell William (Julia Florence Siegel)","female",76.0,1,0,4432.97,"dentist"
989,"Makinen, Mr. Kalle Edvard","male",29.0,0,0,69.75,"blacksmith"
990,"Braf, Miss. Elin Ester Maria","female",20.0,0,0,216.38,"shoemaker"
991,"Nancarrow, Mr. William Henry","male",33.0,0,0,59.87,"barber"
992,"Stengel, Mrs. Charles Emil Henry (Annie May Morris)","female",43.0,1,0,3299.68,"hatter"
993,"Weisz, Mr. Leopold","male",27.0,1,0,1059.09,"carpenter-joiner"
994,"Foley, Mr. William","male",,0,0,161.54,"blacksmith"
995,"Johansson Palmquist, Mr. Oskar Leander","male",26.0,0,0,145.55,"blacksmith"
996,"Thomas, Mrs. Alexander (Thamine Thelma)","female",16.0,1,1,150.52,"blacksmith"
997,"Holthen, Mr. Johan Martin","male",28.0,0,0,245.03,"blacksmith"
998,"Buckley, Mr. Daniel","male",21.0,0,0,286.19,"wigmaker"
999,"Ryan, Mr. Edward","male",,0,0,220.95,"wheelwright"
1000,"Willer, Mr. Aaron (Abi Weller)","male",,0,0,399.63,"wheelwright"
1001,"Swane, Mr. George","male",18.5,0,0,849.8,"breechesmaker"
1002,"Stanton, Mr. Samuel Ward","male",41.0,0,0,665.84,"bookbinder"
1003,"Shine, Miss. Ellen Natalia","female",,0,0,68.98,"shoemaker"
1004,"Evans, Miss. Edith Corse","female",36.0,0,0,3521.61,"surgeon"
1005,"Buckley, Miss. Katherine","female",18.5,0,0,150.16,"blacksmith"
1006,"Straus, Mrs. Isidor (Rosalie Ida Blun)","female",63.0,1,0,3076.53,"dentist"
1007,"Chronopoulos, Mr. Demetrios","male",18.0,1,0,273.55,"wigmaker"
1008,"Thomas, Mr. John","male",,0,0,288.74,"blacksmith"
1009,"Sandstrom, Miss. Beatrice Irene","female",1.0,1,1,85.91,"weaver"
1011,"Chapman, Mrs. John Henry (Sara Elizabeth Lawry)","female",29.0,1,0,900.07,"bookbinder"
1012,"Watt, Miss. Bertha J","female",12.0,0,0,1094.12,"hatter"
1013,"Kiernan, Mr. John","male",,1,0,306.03,"wheelwright"
1014,"Schabert, Mrs. Paul (Emma Mock)","female",35.0,1,0,4738.95,"surgeon"
1015,"Carver, Mr. Alfred John","male",28.0,0,0,124.44,"wigmaker"
1016,"Kennedy, Mr. John","male",,0,0,257.91,"blacksmith"
1017,"Cribb, Miss. Laura Alice","female",17.0,0,1,2.03,"blacksmith"
1018,"Brobeck, Mr. Karl Rudolf","male",22.0,0,0,380.77,"weaver"
1019,"McCoy, Miss. Alicia","female",,2,0,44.05,"wheelwright"
1020,"Bowenur, Mr. Solomon","male",42.0,0,0,1716.14,"cutler"
1021,"Petersen, Mr. Marius","male",24.0,0,0,50.94,"barber"
1022,"Spinner, Mr. Henry John","male",32.0,0,0,175.19,"wigmaker"
1023,"Gracie, Col. Archibald IV","male",53.0,0,0,4502.92,"farrier"
1024,"Lefebre, Mrs. Frank (Frances)","female",,0,4,369.99,"shoemaker"
1025,"Thomas, Mr. Charles P","male",,1,0,164.69,"shoemaker"
1026,"Dintcheff, Mr. Valtcho","male",43.0,0,0,323.95,"barber"
1027,"Carlsson, Mr. Carl Robert","male",24.0,0,0,156.69,"wigmaker"
1028,"Zakarian, Mr. Mapriededer","male",26.5,0,0,262.27,"weaver"
1029,"Schmidt, Mr. August","male",26.0,0,0,1359.52,"shopkeeper"
1031,"Goodwin, Mr. Charles Frederick","male",40.0,1,6,93.59,"barber"
1032,"Goodwin, Miss. Jessie Allis","female",10.0,5,2,281.74,"blacksmith"
1033,"Daniels, Miss. Sarah","female",33.0,0,0,2255.86,"hatter"
1034,"Ryerson, Mr. Arthur Larned","male",61.0,1,3,4209.3,"music teacher"
1035,"Beauchamp, Mr. Henry James","male",28.0,0,0,1780.5,"shopkeeper"
1036,"Lindeberg-Lind, Mr. Erik Gustaf (Mr Edward Lingrey)","male",42.0,0,0,3160.58,"hatter"
1037,"Vander Planke, Mr. Julius","male",31.0,3,0,355.46,"barber"
1038,"Hilliard, Mr. Herbert Henry","male",,0,0,3652.43,"apothecary"
1039,"Davies, Mr. Evan","male",22.0,0,0,270.83,"shoemaker"
1040,"Crafton, Mr. John Bertram","male",,0,0,2724.62,"dentist"
1041,"Lahtinen, Rev. William","male",30.0,1,1,1833.18,"hatter"
1042,"Earnshaw, Mrs. Boulton (Olive Potter)","female",23.0,0,1,3055.4,"apothecary"
1043,"Matinoff, Mr. Nicola","male",,0,0,234.41,"weaver"
1044,"Storey, Mr. Thomas","male",60.5,0,0,38.56,"blacksmith"
1045,"Klasen, Mrs. (Hulda Kristina Eugenia Lofqvist)","female",36.0,0,2,127.99,"wheelwright"
1046,"Asplund, Master. Filip Oscar","male",13.0,4,2,204.52,"blacksmith"
1047,"Duquemin, Mr. Joseph","male",24.0,0,0,123.69,"blacksmith"
1048,"Bird, Miss. Ellen","female",29.0,0,0,4082.02,"doctor"
1049,"Lundin, Miss. Olga Elida","female",23.0,0,0,204.7,"shoemaker"
1050,"Borebank, Mr. John James","male",42.0,0,0,2792.02,"doctor"
1051,"Peacock, Mrs. Benjamin (Edith Nile)","female",26.0,0,2,10.03,"wigmaker"
1052,"Smyth, Miss. Julia","female",,0,0,63.9,"wigmaker"
1053,"Touma, Master. Georges Youssef","male",7.0,1,1,82.96,"shoemaker"
1054,"Wright, Miss. Marion","female",26.0,0,0,1596.81,"carpenter-joiner"
1055,"Pearce, Mr. Ernest","male",,0,0,372.37,"wheelwright"
1056,"Peruschitz, Rev. Joseph Maria","male",41.0,0,0,743.62,"breechesmaker"
1057,"Kink-Heilmann, Mrs. Anton (Luise Heilmann)","female",26.0,1,1,180.84,"weaver"
1058,"Brandeis, Mr. Emil","male",48.0,0,0,3526.62,"doctor"
1059,"Ford, Mr. Edward Watson","male",18.0,2,2,174.75,"barber"
1060,"Cassebeer, Mrs. Henry Arthur Jr (Eleanor Genevieve Fosdick)","female",,0,0,3686.72,"goldsmith"
1061,"Hellstrom, Miss. Hilda Maria","female",22.0,0,0,288.06,"shoemaker"
1062,"Lithman, Mr. Simon","male",,0,0,10.03,"wigmaker"
1063,"Zakarian, Mr. Ortin","male",27.0,0,0,208.04,"shoemaker"
1064,"Dyker, Mr. Adolf Fredrik","male",23.0,1,0,86.23,"weaver"
1065,"Torfa, Mr. Assad","male",,0,0,228.23,"wigmaker"
1066,"Asplund, Mr. Carl Oscar Vilhelm Gustafsson","male",40.0,1,5,152.26,"shoemaker"
1067,"Brown, Miss. Edith Eileen","female",15.0,0,2,1283.2,"carpenter-joiner"
1068,"Sincock, Miss. Maude","female",20.0,0,0,1455.74,"cabinetmaker"
1069,"Stengel, Mr. Charles Emil Henry","male",54.0,1,0,3357.5,"doctor"
1070,"Becker, Mrs. Allen Oliver (Nellie E Baumgardner)","female",36.0,0,3,1728.17,"cabinetmaker"
1071,"Compton, Mrs. Alexander Taylor (Mary Eliza Ingersoll)","female",64.0,0,2,3120.37,"apothecary"
1072,"McCrie, Mr. James Matthew","male",30.0,0,0,558.07,"cabinetmaker"
1073,"Compton, Mr. Alexander Taylor Jr","male",37.0,1,1,2749.2,"farrier"
1074,"Marvin, Mrs. Daniel Warner (Mary Graham Carmichael Farquarson)","female",18.0,1,0,2752.13,"hatter"
1075,"Lane, Mr. Patrick","male",,0,0,39.81,"wigmaker"
1076,"Douglas, Mrs. Frederick Charles (Mary Helene Baxter)","female",27.0,1,1,2281.21,"dentist"
1077,"Maybery, Mr. Frank Hubert","male",40.0,0,0,1112.77,"bookbinder"
1078,"Phillips, Miss. Alice Frances Louisa","female",21.0,0,1,1724.87,"coachmaker"
1079,"Davies, Mr. Joseph","male",17.0,2,0,214.24,"weaver"
1080,"Sage, Miss. Ada","female",,8,2,96.02,"shoemaker"
1081,"Veal, Mr. James","male",40.0,0,0,1488.78,"hatter"
1082,"Angle, Mr. William A","male",34.0,1,0,1377.25,"breechesmaker"
1083,"Salomon, Mr. Abraham L","male",,0,0,2967.54,"surgeon"
1084,"van Billiard, Master. Walter John","male",11.5,1,1,126.3,"blacksmith"
1085,"Lingane, Mr. John","male",61.0,0,0,1532.46,"carpenter-joiner"
1086,"Drew, Master. Marshall Brines","male",8.0,0,2,754.71,"cutler"
1087,"Karlsson, Mr. Julius Konrad Eugen","male",33.0,0,0,249.93,"shoemaker"
1088,"Spedden, Master. Robert Douglas","male",6.0,0,2,3876.8,"pharmacist"
1089,"Nilsson, Miss. Berta Olivia","female",18.0,0,0,356.78,"blacksmith"
1090,"Baimbrigge, Mr. Charles Robert","male",23.0,0,0,1210.35,"coachmaker"
1091,"Rasmussen, Mrs. (Lena Jacobsen Solvang)","female",,0,0,333.27,"blacksmith"
1092,"Murphy, Miss. Nora","female",,0,0,288.52,"shoemaker"
1093,"Danbom, Master. Gilbert Sigvard Emanuel","male",0.33,0,2,392.27,"blacksmith"
1094,"Astor, Col. John Jacob","male",47.0,1,0,2461.24,"hatter"
1095,"Quick, Miss. Winifred Vera","female",8.0,1,1,1141.17,"cutler"
1096,"Andrew, Mr. Frank Thomas","male",25.0,0,0,600.86,"carpenter-joiner"
1097,"Omont, Mr. Alfred Fernand","male",,0,0,3684.62,"hatter"
1098,"McGowan, Miss. Katherine","female",35.0,0,0,349.79,"wigmaker"
1099,"Collett, Mr. Sidney C Stuart","male",24.0,0,0,770.56,"breechesmaker"
1100,"Rosenbaum, Miss. Edith Louise","female",33.0,0,0,3214.91,"surgeon"
1101,"Delalic, Mr. Redjo","male",25.0,0,0,209.82,"blacksmith"
1102,"Andersen, Mr. Albert Karvin","male",32.0,0,0,244.36,"wheelwright"
1103,"Finoli, Mr. Luigi","male",,0,0,287.58,"wigmaker"
1104,"Deacon, Mr. Percy William","male",17.0,0,0,1824.24,"cutler"
1105,"Howard, Mrs. Benjamin (Ellen Truelove Arman)","female",60.0,1,0,1554.07,"breechesmaker"
1106,"Andersson, Miss. Ida Augusta Margareta","female",38.0,4,2,378.94,"wheelwright"
1107,"Head, Mr. Christopher","male",42.0,0,0,2248.51,"dentist"
1108,"Mahon, Miss. Bridget Delia","female",,0,0,172.72,"blacksmith"
1109,"Wick, Mr. George Dennick","male",57.0,1,1,2434.92,"music teacher"
1110,"Widener, Mrs. George Dunton (Eleanor Elkins)","female",50.0,1,1,4130.75,"goldsmith"
1111,"Thomson, Mr. Alexander Morrison","male",,0,0,289.43,"blacksmith"
1112,"Duran y More, Miss. Florentina","female",30.0,1,0,1268.6,"coachmaker"
1113,"Reynolds, Mr. Harold J","male",21.0,0,0,395.29,"barber"
1114,"Cook, Mrs. (Selena Rogers)","female",22.0,0,0,1161.29,"cabinetmaker"
1115,"Karlsson, Mr. Einar Gervasius","male",21.0,0,0,79.76,"wigmaker"
1116,"Candee, Mrs. Edward (Helen Churchill Hungerford)","female",53.0,0,0,2111.0,"music teacher"
1117,"Moubarek, Mrs. George (Omine Amenia Alexander)","female",,0,2,296.6,"wigmaker"
1118,"Asplund, Mr. Johan Charles","male",23.0,0,0,41.83,"blacksmith"
1119,"McNeill, Miss. Bridget","female",,0,0,392.06,"blacksmith"
1120,"Everett, Mr. Thomas James","male",40.5,0,0,257.3,"barber"
1121,"Hocking, Mr. Samuel James Metcalfe","male",36.0,0,0,1682.96,"shopkeeper"
1122,"Sweet, Mr. George Frederick","male",14.0,0,0,632.39,"cutler"
1123,"Willard, Miss. Constance","female",21.0,0,0,4189.57,"apothecary"
1124,"Wiklund, Mr. Karl Johan","male",21.0,1,0,395.48,"weaver"
1125,"Linehan, Mr. Michael","male",,0,0,159.58,"weaver"
1126,"Cumings, Mr. John Bradley","male",39.0,1,0,4163.11,"apothecary"
1127,"Vendel, Mr. Olof Edvin","male",20.0,0,0,4.03,"shoemaker"
1128,"Warren, Mr. Frank Manley","male",64.0,1,0,2847.63,"farrier"
1129,"Baccos, Mr. Raffull","male",20.0,0,0,63.11,"wigmaker"
1130,"Hiltunen, Miss. Marta","female",18.0,1,1,1849.73,"breechesmaker"
1131,"Douglas, Mrs. Walter Donald (Mahala Dutton)","female",48.0,1,0,4552.58,"farrier"
1132,"Lindstrom, Mrs. Carl Johan (Sigrid Posse)","female",55.0,0,0,4355.94,"surgeon"
1133,"Christy, Mrs. (Alice Frances)","female",45.0,0,2,1339.44,"breechesmaker"
1134,"Spedden, Mr. Frederic Oakley","male",45.0,1,1,4708.74,"farrier"
1135,"Hyman, Mr. Abraham","male",,0,0,176.51,"weaver"
1136,"Johnston, Master. William Arthur Willie","male",,1,2,321.4,"shoemaker"
1137,"Kenyon, Mr. Frederick R","male",41.0,1,0,4888.13,"dentist"
1138,"Karnes, Mrs. J Frank (Claire Bennett)","female",22.0,0,0,741.77,"coachmaker"
1139,"Drew, Mr. James Vivian","male",42.0,1,1,737.97,"bookbinder"
1140,"Hold, Mrs. Stephen (Annie Margaret Hill)","female",29.0,1,0,1873.02,"silversmith"
1141,"Khalil, Mrs. Betros (Zahie Maria Elias)","female",,1,0,181.13,"shoemaker"
1142,"West, Miss. Barbara J","female",0.92,1,2,1571.75,"breechesmaker"
1143,"Abrahamsson, Mr. Abraham August Johannes","male",20.0,0,0,335.37,"wigmaker"
1144,"Clark, Mr. Walter Miller","male",27.0,1,0,2015.75,"farrier"
1145,"Salander, Mr. Karl Johan","male",24.0,0,0,385.28,"wigmaker"
1146,"Wenzel, Mr. Linhart","male",32.5,0,0,144.16,"weaver"
1147,"MacKay, Mr. George William","male",,0,0,183.14,"wheelwright"
1148,"Mahon, Mr. John","male",,0,0,269.67,"wheelwright"
1149,"Niklasson, Mr. Samuel","male",28.0,0,0,213.32,"weaver"
1150,"Bentham, Miss. Lilian W","female",19.0,0,0,1911.05,"coachmaker"
1151,"Midtsjo, Mr. Karl Albert","male",21.0,0,0,280.3,"blacksmith"
1152,"de Messemaeker, Mr. Guillaume Joseph","male",36.5,1,0,117.24,"wigmaker"
1153,"Nilsson, Mr. August Ferdinand","male",21.0,0,0,12.03,"blacksmith"
1154,"Wells, Mrs. Arthur Henry (Addie Dart Trevaskis)","female",29.0,0,2,567.91,"cabinetmaker"
1155,"Klasen, Miss. Gertrud Emilia","female",1.0,1,1,93.74,"wigmaker"
1156,"Portaluppi, Mr. Emilio Ilario Giuseppe","male",30.0,0,0,664.64,"bookbinder"
1157,"Lyntakoff, Mr. Stanko","male",,0,0,185.74,"wigmaker"
1158,"Chisholm, Mr. Roderick Robert Crispin","male",,0,0,3548.81,"hatter"
1159,"Warren, Mr. Charles William","male",,0,0,36.99,"wheelwright"
1160,"Howard, Miss. May Elizabeth","female",,0,0,145.98,"wigmaker"
1161,"Pokrnic, Mr. Mate","male",17.0,0,0,41.11,"barber"
1162,"McCaffry, Mr. Thomas Francis","male",46.0,0,0,3286.64,"farrier"
1163,"Fox, Mr. Patrick","male",,0,0,339.52,"weaver"
1164,"Clark, Mrs. Walter Miller (Virginia McDowell)","female",26.0,1,0,2539.77,"doctor"
1165,"Lennon, Miss. Mary","female",,1,0,88.59,"wheelwright"
1166,"Saade, Mr. Jean Nassr","male",,0,0,188.15,"blacksmith"
1167,"Bryhl, Miss. Dagmar Jenny Ingeborg ","female",20.0,1,0,1735.96,"cutler"
1168,"Parker, Mr. Clifford Richard","male",28.0,0,0,772.22,"cabinetmaker"
1169,"Faunthorpe, Mr. Harry","male",40.0,1,0,510.63,"shopkeeper"
1170,"Ware, Mr. John James","male",30.0,1,0,1391.15,"coachmaker"
1171,"Oxenham, Mr. Percy Thomas","male",22.0,0,0,406.22,"carpenter-joiner"
1172,"Oreskovic, Miss. Jelka","female",23.0,0,0,133.14,"weaver"
1173,"Peacock, Master. Alfred Edward","male",0.75,1,1,144.12,"weaver"
1174,"Fleming, Miss. Honora","female",,0,0,286.36,"wheelwright"
1175,"Touma, Miss. Maria Youssef","female",9.0,1,1,177.01,"barber"
1177,"Dennis, Mr. William","male",36.0,0,0,227.58,"barber"
1178,"Franklin, Mr. Charles (Charles Fardon)","male",,0,0,329.04,"barber"
1179,"Snyder, Mr. John Pillsbury","male",24.0,1,0,4454.29,"pharmacist"
1180,"Mardirosian, Mr. Sarkis","male",,0,0,217.12,"weaver"
1181,"Ford, Mr. Arthur","male",,0,0,159.0,"weaver"
1182,"Rheims, Mr. George Alexander Lucien","male",,0,0,3626.71,"doctor"
1184,"Nasr, Mr. Mustafa","male",,0,0,288.06,"blacksmith"
1185,"Dodge, Dr. Washington","male",53.0,1,1,2566.25,"doctor"
1186,"Wittevrongel, Mr. Camille","male",36.0,0,0,227.83,"shoemaker"
1187,"Angheloff, Mr. Minko","male",26.0,0,0,289.02,"weaver"
1188,"Laroche, Miss. Louise","female",1.0,1,2,1148.92,"hatter"
1189,"Samaan, Mr. Hanna","male",,2,0,251.89,"shoemaker"
1190,"Loring, Mr. Joseph Holland","male",30.0,0,0,3685.81,"farrier"
1191,"Johansson, Mr. Nils","male",29.0,0,0,75.59,"wigmaker"
1192,"Olsson, Mr. Oscar Wilhelm","male",32.0,0,0,212.3,"barber"
1193,"Malachard, Mr. Noel","male",,0,0,686.13,"cutler"
1194,"Phillips, Mr. Escott Robert","male",43.0,0,1,897.68,"hatter"
1195,"Pokrnic, Mr. Tome","male",24.0,0,0,368.67,"wigmaker"
1196,"McCarthy, Miss. Catherine Katie","female",,0,0,3.26,"barber"
1197,"Crosby, Mrs. Edward Gifford (Catherine Elizabeth Halstead)","female",64.0,1,1,4188.04,"surgeon"
1198,"Allison, Mr. Hudson Joshua Creighton","male",30.0,1,2,3138.3,"doctor"
1199,"Aks, Master. Philip Frank","male",0.83,0,1,43.66,"barber"
1200,"Hays, Mr. Charles Melville","male",55.0,1,1,2767.79,"music teacher"
1201,"Hansen, Mrs. Claus Peter (Jennie L Howard)","female",45.0,1,0,355.51,"blacksmith"
1202,"Cacic, Mr. Jego Grga","male",18.0,0,0,332.24,"wheelwright"
1203,"Vartanian, Mr. David","male",22.0,0,0,156.64,"barber"
1204,"Sadowitz, Mr. Harry","male",,0,0,289.34,"wigmaker"
1205,"Carr, Miss. Jeannie","female",37.0,0,0,213.09,"shoemaker"
1206,"White, Mrs. John Stuart (Ella Holmes)","female",55.0,0,0,2817.21,"apothecary"
1207,"Hagardon, Miss. Kate","female",17.0,0,0,197.94,"wheelwright"
1208,"Spencer, Mr. William Augustus","male",57.0,1,0,2436.6,"surgeon"
1209,"Rogers, Mr. Reginald Harry","male",19.0,0,0,1940.82,"hatter"
1210,"Jonsson, Mr. Nils Hilding","male",27.0,0,0,145.69,"barber"
1211,"Jefferys, Mr. Ernest Wilfred","male",22.0,2,0,1126.56,"bookbinder"
1212,"Andersson, Mr. Johan Samuel","male",26.0,0,0,174.25,"wigmaker"
1213,"Krekorian, Mr. Neshan","male",25.0,0,0,267.05,"barber"
1214,"Nesson, Mr. Israel","male",26.0,0,0,503.11,"carpenter-joiner"
1215,"Rowe, Mr. Alfred G","male",33.0,0,0,2209.06,"hatter"
1216,"Kreuchen, Miss. Emilie","female",39.0,0,0,2077.87,"dentist"
1218,"Becker, Miss. Ruth Elizabeth","female",12.0,2,1,1827.1,"coachmaker"
1219,"Rosenshine, Mr. George (Mr George Thorne)","male",46.0,0,0,3914.52,"dentist"
1220,"Clarke, Mr. Charles Valentine","male",29.0,1,0,1882.12,"cabinetmaker"
1221,"Enander, Mr. Ingvar","male",21.0,0,0,1081.74,"carpenter-joiner"
1222,"Davies, Mrs. John Morgan (Elizabeth Agnes Mary White) ","female",48.0,0,2,541.24,"silversmith"
1223,"Dulles, Mr. William Crothers","male",39.0,0,0,3890.91,"farrier"
1224,"Thomas, Mr. Tannous","male",,0,0,92.26,"shoemaker"
1225,"Nakid, Mrs. Said (Waika Mary Mowad)","female",19.0,1,1,331.4,"shoemaker"
1226,"Cor, Mr. Ivan","male",27.0,0,0,156.24,"blacksmith"
1227,"Maguire, Mr. John Edward","male",30.0,0,0,2912.51,"surgeon"
1228,"de Brito, Mr. Jose Joaquim","male",32.0,0,0,1965.96,"shopkeeper"
1229,"Elias, Mr. Joseph","male",39.0,0,2,378.92,"blacksmith"
1230,"Denbury, Mr. Herbert","male",25.0,0,0,870.31,"cutler"
1231,"Betros, Master. Seman","male",,0,0,382.56,"blacksmith"
1232,"Fillbrook, Mr. Joseph Charles","male",18.0,0,0,1087.36,"bookbinder"
1233,"Lundstrom, Mr. Thure Edvin","male",32.0,0,0,178.48,"weaver"
1234,"Sage, Mr. John George","male",,1,9,317.98,"weaver"
1235,"Cardeza, Mrs. James Warburton Martinez (Charlotte Wardle Drake)","female",58.0,0,1,2513.56,"hatter"
1236,"van Billiard, Master. James William","male",,1,1,241.28,"blacksmith"
1237,"Abelseth, Miss. Karen Marie","female",16.0,0,0,23.66,"wheelwright"
1238,"Botsford, Mr. William Hull","male",26.0,0,0,1866.98,"breechesmaker"
1239,"Whabee, Mrs. George Joseph (Shawneene Abi-Saab)","female",38.0,0,0,331.58,"weaver"
1240,"Giles, Mr. Ralph","male",24.0,0,0,1447.91,"carpenter-joiner"
1241,"Walcroft, Miss. Nellie","female",31.0,0,0,1325.31,"breechesmaker"
1242,"Greenfield, Mrs. Leo David (Blanche Strouse)","female",45.0,0,1,3854.58,"doctor"
1243,"Stokes, Mr. Philip Joseph","male",25.0,0,0,1937.05,"shopkeeper"
1244,"Dibden, Mr. William","male",18.0,0,0,1209.26,"cutler"
1245,"Herman, Mr. Samuel","male",49.0,1,2,1265.94,"coachmaker"
1246,"Dean, Miss. Elizabeth Gladys Millvina","female",0.17,1,2,62.63,"wigmaker"
1247,"Julian, Mr. Henry Forbes","male",50.0,0,0,2408.89,"dentist"
1248,"Brown, Mrs. John Murray (Caroline Lane Lamson)","female",59.0,2,0,2052.48,"dentist"
1249,"Lockyer, Mr. Edward","male",,0,0,333.09,"shoemaker"
1250,"O'Keefe, Mr. Patrick","male",,0,0,58.65,"blacksmith"
1251,"Lindell, Mrs. Edvard Bengtsson (Elin Gerda Persson)","female",30.0,1,0,174.4,"blacksmith"
1252,"Sage, Master. William Henry","male",14.5,8,2,366.89,"blacksmith"
1253,"Mallet, Mrs. Albert (Antoinette Magnin)","female",24.0,1,1,1588.57,"carpenter-joiner"
1254,"Ware, Mrs. John James (Florence Louise Long)","female",31.0,0,0,517.63,"hatter"
1255,"Strilic, Mr. Ivan","male",27.0,0,0,386.82,"shoemaker"
1256,"Harder, Mrs. George Achilles (Dorothy Annan)","female",25.0,1,0,3105.54,"hatter"
1257,"Sage, Mrs. John (Annie Bullen)","female",,1,9,78.04,"blacksmith"
1258,"Caram, Mr. Joseph","male",,1,0,50.07,"blacksmith"
1259,"Riihivouri, Miss. Susanna Juhantytar Sanni","female",22.0,0,0,273.03,"wigmaker"
1260,"Gibson, Mrs. Leonard (Pauline C Boeson)","female",45.0,0,1,2323.01,"hatter"
1261,"Pallas y Castello, Mr. Emilio","male",29.0,0,0,1035.94,"silversmith"
1262,"Giles, Mr. Edgar","male",21.0,1,0,1353.92,"hatter"
1263,"Wilson, Miss. Helen Alice","female",31.0,0,0,2604.05,"farrier"
1264,"Ismay, Mr. Joseph Bruce","male",49.0,0,0,4782.35,"farrier"
1265,"Harbeck, Mr. William H","male",44.0,0,0,446.49,"hatter"
1266,"Dodge, Mrs. Washington (Ruth Vidaver)","female",54.0,1,1,2899.86,"farrier"
1267,"Bowen, Miss. Grace Scott","female",45.0,0,0,2708.06,"hatter"
1268,"Kink, Miss. Maria","female",22.0,2,0,343.37,"blacksmith"
1269,"Cotterill, Mr. Henry Harry","male",21.0,0,0,1061.88,"carpenter-joiner"
1270,"Hipkins, Mr. William Edward","male",55.0,0,0,2464.03,"surgeon"
1271,"Asplund, Master. Carl Edgar","male",5.0,4,2,250.69,"shoemaker"
1272,"O'Connor, Mr. Patrick","male",,0,0,319.09,"blacksmith"
1273,"Foley, Mr. Joseph","male",26.0,0,0,90.19,"barber"
1274,"Risien, Mrs. Samuel (Emma)","female",,0,0,338.89,"weaver"
1275,"McNamee, Mrs. Neal (Eileen O'Leary)","female",19.0,1,0,298.62,"barber"
1276,"Wheeler, Mr. Edwin Frederick","male",,0,0,1234.55,"coachmaker"
1277,"Herman, Miss. Kate","female",24.0,1,2,409.56,"carpenter-joiner"
1278,"Aronsson, Mr. Ernst Axel Algot","male",24.0,0,0,165.35,"barber"
1279,"Ashby, Mr. John","male",57.0,0,0,1805.65,"shopkeeper"
1280,"Canavan, Mr. Patrick","male",21.0,0,0,219.61,"wheelwright"
1281,"Palsson, Master. Paul Folke","male",6.0,3,1,282.18,"shoemaker"
1282,"Payne, Mr. Vivian Ponsonby","male",23.0,0,0,4763.19,"dentist"
1283,"Lines, Mrs. Ernest H (Elizabeth Lindsey James)","female",51.0,0,1,3952.65,"apothecary"
1284,"Abbott, Master. Eugene Joseph","male",13.0,0,2,184.31,"barber"
1285,"Gilbert, Mr. William","male",47.0,0,0,1880.99,"hatter"
1286,"Kink-Heilmann, Mr. Anton","male",29.0,3,1,106.88,"weaver"
1287,"Smith, Mrs. Lucien Philip (Mary Eloise Hughes)","female",18.0,1,0,3334.33,"apothecary"
1288,"Colbert, Mr. Patrick","male",24.0,0,0,46.08,"barber"
1289,"Frolicher-Stehli, Mrs. Maxmillian (Margaretha Emerentia Stehli)","female",48.0,1,1,3163.91,"goldsmith"
1290,"Larsson-Rondberg, Mr. Edvard A","male",22.0,0,0,75.26,"wheelwright"
1291,"Conlon, Mr. Thomas Henry","male",31.0,0,0,79.95,"shoemaker"
1292,"Bonnell, Miss. Caroline","female",30.0,0,0,4292.69,"hatter"
1293,"Gale, Mr. Harry","male",38.0,1,0,599.27,"silversmith"
1294,"Gibson, Miss. Dorothy Winifred","female",22.0,0,1,4273.47,"music teacher"
1295,"Carrau, Mr. Jose Pedro","male",17.0,0,0,2323.71,"goldsmith"
1296,"Frauenthal, Mr. Isaac Gerald","male",43.0,1,0,3282.83,"apothecary"
1297,"Nourney, Mr. Alfred (Baron von Drachstedt)","male",20.0,0,0,1727.73,"hatter"
1298,"Ware, Mr. William Jeffery","male",23.0,1,0,1386.79,"shopkeeper"
1299,"Widener, Mr. George Dunton","male",50.0,1,1,3772.28,"music teacher"
1300,"Riordan, Miss. Johanna Hannah","female",,0,0,126.54,"weaver"
1301,"Peacock, Miss. Treasteall","female",3.0,1,1,233.93,"weaver"
1302,"Naughton, Miss. Hannah","female",,0,0,65.05,"weaver"
1303,"Minahan, Mrs. William Edward (Lillian E Thorpe)","female",37.0,1,0,2323.9,"goldsmith"
1304,"Henriksson, Miss. Jenny Lovisa","female",28.0,0,0,309.81,"blacksmith"
1305,"Spector, Mr. Woolf","male",,0,0,8.32,"wheelwright"
1306,"Oliva y Ocana, Dona. Fermina","female",39.0,0,0,4411.91,"dentist"
1307,"Saether, Mr. Simon Sivertsen","male",38.5,0,0,163.65,"barber"
1308,"Ware, Mr. Frederick","male",,0,0,353.22,"blacksmith"
1309,"Peter, Master. Michael J","male",,1,1,92.2,"weaver"
